Provider ID,Provider Name & Address,Type,Rating,Cost,Contact Number
3042,"WALGREEN CO, 9423 SPRING GREEN BLVD, KATY, TX",Pharmacy,3,400,2817124084.0
3043,"STORY AVE 24, LLC, 1903 STORY AVE, BRONX, NY",Pharmacy,2,2000,7188222923.0
3044,"HARRIS TEETER LLC, 3865 W ASHLEY CIR, CHARLESTON, SC",Pharmacy,5,5000,8436192921.0
3045,"SLEEP BETTER AUSTIN TREATMENT PLLC, 4460 S FM 1626, KYLE, TX",MSC With Orthotic-Prosthetic,3,5000,5120000000000.0
3046,"WEIS MARKETS INC, 1100 N 4TH ST, SUNBURY, PA",Certified Other|Pharmacy|Grocery Store,2,5000,5702860276.0
3047,"WALGREEN CO, 1641 23RD AVE, GREELEY, CO",Pharmacy,2,3000,9703561177.0
3048,"PUBLIX SUPER MARKETS INC, 5450 E BUSCH BLVD, TEMPLE TERRACE, FL",Pharmacy,3,3000,8139806634.0
3049,"HIGHLAND PARK CVS LLC, 1 S STATE ST, CHICAGO, IL",Pharmacy,1,2000,3122792134.0
3050,"TOTAL CARE RX PHARMACY INC, 18682 BEACH BLVD, HUNTINGTON BEACH, CA",Pharmacy,2,4000,7149644004.0
3051,"GERMAN DOBSON CVS, L.L.C., 3170 S HIGLEY RD, GILBERT, AZ",Pharmacy,1,2000,4802795517.0
3052,"AURORA PHARMACY INC, 135 JACKSON ST, OSHKOSH, WI",Pharmacy,3,3000,9203038140.0
3053,"PINK RIBBON BOUTIQUE LLC, 18 VILLAGE SQ, SMYRNA, DE",MSC With Prosthetic Personnel|Prosthetic Personnel,1,3000,3022236889.0
3054,"WALGREEN CO, 3351 W MAIN ST, ST CHARLES, IL",Pharmacy,4,5000,6304438735.0
3055,"KROGER LIMITED PARTNERSHIP I, 7805 TIMBERLAKE RD, LYNCHBURG, VA",Pharmacy|Grocery Store,1,4000,4342375839.0
3056,"WALGREEN CO, 1722 W WALNUT ST, ROGERS, AR",Pharmacy,2,2000,4792460196.0
3057,"ORANGE COAST RESPIRATORY CARE SERVICES, INC.., 755 S HAYWOOD ST, WAYNESVILLE, NC",MSC With Respiratory Therapist,2,3000,8284521018.0
3058,"STEVENS COMMUNITY MEDICAL CENTER INC, 400 E 1ST ST, MORRIS, MN",Optometrist,1,2000,3205897653.0
3059,"LINCARE INC, 2213 E MAIN ST, ALBERT LEA, MN",Medical Supply Company Other,3,5000,5073775044.0
3060,"NAI SATURN EASTERN LLC, 5980 KINGSTOWNE TOWNE CTR, ALEXANDRIA, VA",Pharmacy|Grocery Store,1,4000,7039213127.0
3061,"HARMON CITY INC, 4874 W 6200 S, KEARNS, UT",Pharmacy,3,3000,8019637200.0
3062,"WAL-MART STORES EAST LP, 3111 BROWNS MILL RD, JOHNSON CITY, TN",Pharmacy|Optician,5,4000,4232829484.0
3063,"WECARE MEDICAL LLC, 70 PINE ST, GALLIPOLIS, OH",MSC With Respiratory Therapist,1,5000,7402082000.0
3064,"LONGS DRUG STORES CALIFORNIA LLC, 1871 EL CAMINO REAL, BURLINGAME, CA",Pharmacy,2,4000,6506925065.0
3065,"WAL-MART STORES EAST LP, 100 ELMRIDGE CENTER DR, GREECE, NY",Pharmacy|Optician,4,2000,5852271210.0
3066,"CVS ALBANY LLC, 1064 WILMOT RD, SCARSDALE, NY",Pharmacy,5,5000,9147222011.0
3067,"JERICHO CHEMISTS INC, 24725 JAMAICA AVENUE, BELLEROSE, NY",Pharmacy,3,5000,5168823777.0
3068,"BRIGHTON EYE ASSOCIATES PC, 1001 E BRIDGE ST, BRIGHTON, CO",Optometrist,2,3000,3036593036.0
3069,"VIRGINIA CVS PHARMACY LLC, 21550 TIMBERLAKE ROAD, LYNCHBURG, VA",Pharmacy,2,5000,4342390311.0
3070,"PUBLIX SUPER MARKETS INC, 10400 SW VILLAGE CENTER DR, PORT SAINT LUCIE, FL",Pharmacy,1,2000,7723459911.0
3071,"WALGREEN CO, 2103 ELDRIDGE RD, SUGAR LAND, TX",Pharmacy,4,3000,2812400040.0
3072,"WALGREEN CO, 1065 TRUMAN HWY, BOSTON, MA",Pharmacy,4,4000,6173611811.0
3073,"CONDADO SALES AND RENTAL INC, 186 CALLE JUAN P DUARTE, HATO REY, PR",Medical Supply Company Other,4,3000,7877582325.0
3074,"MONITOR MEDICAL, INC., 12999 JESS PIRTLE BLVD, SUGAR LAND, TX",MSC With Respiratory Therapist,4,2000,2812407222.0
3075,"NEW JERSEY CVS PHARMACY LLC, 890 BENNETTS MILLS RD, JACKSON, NJ",Pharmacy,4,5000,7323677530.0
3076,"OHIO CVS STORES LLC, 7412 STATE RD, PARMA, OH",Pharmacy,2,2000,4408878038.0
3077,"WALGREEN CO, 3009 W MARKET ST, FAIRLAWN, OH",Pharmacy,1,5000,3308671946.0
3078,"DESNA PHARMACY INC, 307 S MILWAUKEE AVE, WHEELING, IL",Pharmacy,1,3000,8472295477.0
3079,"ABILITIES IN MOTION LLC, 11151 KENWOOD RD, BLUE ASH, OH",Orthotic Personnel|Prosthetic Personnel,5,3000,5132450253.0
3080,"URS SUB I, LLC, 4830 LAKEWOOD DR, WACO, TX",Medical Supply Company Other,2,4000,2547511556.0
3081,"HOOK-SUPERX LLC, 310 N HALLECK ST, DEMOTTE, IN",Pharmacy,3,4000,2199873301.0
3082,"HANGER PROSTHETICS & ORTHOTICS WEST INC, 3602 INLAND EMPIRE BLVD, ONTARIO, CA",Orthotic Personnel|Prosthetic Personnel,2,4000,9094845700.0
3083,"FUTURE PHARMACY INC, 2480 65TH ST, BROOKLYN, NY",Certified Other|Orthotic Personnel|Prosthetic Personnel|Pharmacy,3,5000,7183766563.0
3084,"WALGREEN CO, 8400 ELK GROVE FLORIN RD, ELK GROVE, CA",Pharmacy,5,2000,9165253563.0
3085,"JATALA INC, 191 MAIN ST, LITTLE FERRY, NJ",Pharmacy,5,4000,2016417200.0
3086,"WALGREEN CO, 8333 N DAVIS HWY STE 50, PENSACOLA, FL",Pharmacy,2,5000,8504942432.0
3087,"EASTRIDGE-PHELPS PHARMACY LLC, 460 COMMERCE DR, GREENSBURG, KY",Pharmacy,2,4000,2702992333.0
3088,"WILSON PHARMACY INC, 400 N STATE OF FRANKLIN RD, JOHNSON CITY, TN",Pharmacy,2,4000,4234312140.0
3089,"TENNESSEE CVS PHARMACY LLC, 1900 TOWN CENTER BLVD, KNOXVILLE, TN",Pharmacy,4,3000,8652915479.0
3090,"LINCARE INC, 1101 W 32ND ST, MARION, IN",Medical Supply Company Other,3,2000,7656645195.0
3091,"WALGREEN EASTERN CO INC, 324 MASSACHUSETTS AVE, ARLINGTON, MA",Pharmacy,2,2000,7816434112.0
3092,"SCOTT-LARSON LLC, 1837 E KIRKWOOD ST, SPRINGFIELD, MO",Orthotic Personnel|Prosthetic Personnel,1,4000,4177557430.0
3093,"PUBLIX SUPER MARKETS INC, 3720 NW 13TH ST, GAINESVILLE, FL",Pharmacy,4,3000,3523352363.0
3094,"THE KROGER CO, 3700 SALEM RD, COVINGTON, GA",Pharmacy|Grocery Store,1,4000,6783426050.0
3095,"WASHINGTON CVS PHARMACY LLC, 665 SLEATER KINNEY RD SE, LACEY, WA",Pharmacy,1,5000,3604868927.0
3096,"PHARMACY4HUMANITY, 18421 S MAIN ST, GARDENA, CA",Pharmacy,2,4000,3103746284.0
3097,"CUSTOM OPTICAL OF FONDREN LLC, 661 DULING AVE, JACKSON, MS",Optician,2,3000,6013626675.0
3098,"WALGREEN CO, 100 W ONTARIO AVE, CORONA, CA",Pharmacy,4,2000,9515829551.0
3099,"AVE J ROYAL CARE PHARMACY LLC, 1315 AVENUE J, BROOKLYN, NY",Pharmacy,3,2000,7182531030.0
3100,"WALGREEN CO, 1040 DELAWARE AVE STE A, MARION, OH",Pharmacy,2,2000,7403834529.0
3101,"WALMART INC, 3396 STOCKTON HILL RD, KINGMAN, AZ",Pharmacy|Optician,4,3000,9286920444.0
3102,"BODENHAMER EYE CONSULTANTS, LLC, 3238 W TRUMAN BLVD, JEFFERSON CITY, MO",Optometrist,4,3000,5736352020.0
3103,"PUBLIX SUPER MARKETS INC, 205 RIVERTOWN SHOPS DR, SAINT JOHNS, FL",Pharmacy,4,5000,9042979334.0
3104,"INTEGRIS PROHEALTH INC, 1205 HEALTH CENTER PKWY, YUKON, OK",Pharmacy,5,5000,4057175330.0
3105,"WALGREEN CO, 2100 SHERIDAN RD, ZION, IL",Pharmacy,3,2000,8478723228.0
3106,"WALGREEN CO, 50 EAST STATE ST, TRENTON, NJ",Pharmacy,3,5000,6095032110.0
3107,"HENRY FORD HEALTH SYSTEM, 7800 W OUTER DR, DETROIT, MI",Pharmacy,4,4000,3135436300.0
3108,"LEWIS DRUGS, INC., 2901 S MINNESOTA AVE, SIOUX FALLS, SD",Pharmacy,3,4000,6053672110.0
3109,"GRAND ST PAUL CVS LLC, 300 CLYDESDALE TRL, MEDINA, MN",Pharmacy,4,4000,7638520007.0
3110,"SR PHARMACY INC, 4329 BROADWAY, NEW YORK, NY",Pharmacy,1,4000,2127408500.0
3111,"DISCOUNT DRUG MART INC, 2253 COLORADO AVE, LORAIN, OH",Pharmacy,1,4000,4402880191.0
3112,"FNL MEDICAL SUPPLY LLC., 497 NEW BRUNSWICK AVE, FORDS, NJ",Medical Supply Company Other|MSC With Orthotic-Prosthetic,5,4000,7327103090.0
3113,"PUBLIX SUPER MARKETS INC, 10115 UNIVERSITY BLVD, ORLANDO, FL",Pharmacy,4,4000,4075515195.0
3114,"SOUTH CAROLINA CVS PHARMACY LLC, 1006 FORDING ISLAND RD, BLUFFTON, SC",Pharmacy,2,4000,8438152801.0
3115,"WALGREEN CO, 5230 N MILWAUKEE AVE, CHICAGO, IL",Pharmacy,2,3000,7737368920.0
3116,"NATIONAL SEATING & MOBILITY INC, 1985 16TH ST NE, SALEM, OR",Medical Supply Company Other,2,3000,9713745210.0
3117,"SCOTT & WHITE MEMORIAL HOSPITAL, 5701 AIRPORT RD, TEMPLE, TX",Pharmacy,2,3000,2542159523.0
3118,"WALGREEN CO, 5301 W LOVERS LN, DALLAS, TX",Pharmacy,3,2000,2144163405.0
3119,"WAL-MART STORES EAST LP, 8808 BEACH BLVD, JACKSONVILLE, FL",Pharmacy|Optician,2,2000,9046464633.0
3120,"SAMS EAST INC, 3833 N GLOSTER ST, TUPELO, MS",Pharmacy,4,3000,6628407601.0
3121,"SAFEWAY INC, 23565 N SCOTTSDALE RD, SCOTTSDALE, AZ",Pharmacy|Grocery Store,3,2000,4805859650.0
3122,"WALMART INC, 2875 W MARTIN LUTHER KING BLVD, FAYETTEVILLE, AR",Pharmacy|Optician,1,3000,4795214350.0
3123,"HY-VEE INC, 1500 CENTRAL PARK COMMONS DR, EAGAN, MN",Pharmacy,1,3000,6514053662.0
3124,"SOLEO HEALTH INC, 2866 DAUPHIN ST, MOBILE, AL",Pharmacy,3,5000,2512346074.0
3125,"WALGREEN CO, 2700 W FLAGLER ST, MIAMI, FL",Pharmacy,3,2000,3056441994.0
3126,"WALGREEN CO, 3634 REYNOLDA RD, WINSTON SALEM, NC",Pharmacy,4,5000,3369232367.0
3127,"KCI USA INC, 6135 W CORPORAL LN, BOISE, ID",Medical Supply Company Other,5,2000,2083755636.0
3128,"DRS LOGAN & BAILEY OPTOMETRISTS INC, 2517 E MAIN ST, RICHMOND, IN",Optometrist,1,3000,7659662661.0
3129,"R A CALDWELL CO INC, 474 W MAIN ST, STAMFORD, CT",Medical Supply Company Other,4,3000,2033480174.0
3130,"LUXOTTICA OF AMERICA INC, 120 VINTAGE WAY, NOVATO, CA",Optician,3,5000,4155070800.0
3131,"WALGREEN CO, 4351 W SAMPLE RD, COCONUT CREEK, FL",Pharmacy,5,5000,9549784979.0
3132,"LUXOTTICA OF AMERICA INC, 6600 MENAUL BLVD NE, ALBUQUERQUE, NM",Optician,2,2000,5058893465.0
3133,"PUBLIX SUPER MARKETS INC, 55 N INDIANA AVE, ENGLEWOOD, FL",Pharmacy,3,5000,9414733301.0
3134,"ARDY MEDICAL SUPPLY CORP, 9786 SW 24TH ST, MIAMI, FL",MSC With Orthotic-Prosthetic,4,5000,3055516071.0
3135,"LISTON PROSTHETICS, LLC, 5292 S COLLEGE DR, MURRAY, UT",Prosthetic Personnel,3,2000,3854253960.0
3136,"HALL FAMILY EYECARE LLC, 2107 S SENECA ST, WICHITA, KS",Optometrist,3,5000,3162647300.0
3137,"NEW JERSEY CVS PHARMACY LLC, 675 WOODBURY GLASSBORO RD, SEWELL, NJ",Pharmacy,2,4000,8564152380.0
3138,"WAL-MART STORES EAST LP, 1001 E MAIN ST, YUKON, OK",Pharmacy,2,5000,4055770051.0
3139,"CHARLES H. NEU, 295 NEW DORP LN, STATEN ISLAND, NY",Optometrist,5,2000,7183513006.0
3140,"EMPIRE PROFESSIONAL PHARMACY INC, 200 HOSPITAL DR, GLEN BURNIE, MD",MSC With Orthotic Personnel|Pharmacy,2,5000,4107870030.0
3141,"BOYT PHARMACEUTICAL SERVICES,LLC., 411 MAIN ST, METUCHEN, NJ",Pharmacy,1,5000,7325482125.0
3142,"RISER FOODS COMPANY, 14100 DETROIT AVE, LAKEWOOD, OH",Pharmacy,3,4000,2162261600.0
3143,"HOLIDAY CVS LLC, 975 TAMPA RD, PALM HARBOR, FL",Pharmacy,4,3000,7277728119.0
3144,"SAMS EAST INC, 579 TROY SCHENECTADY RD, LATHAM, NY",Pharmacy,4,3000,5187632007.0
3145,"SAMS EAST INC, 69630 STIRLING BLVD, COVINGTON, LA",Pharmacy|Optician,4,4000,9853276261.0
3146,"LINCARE INC, 10 UPTON DR, WILMINGTON, MA",Medical Supply Company Other,1,4000,8662071187.0
3147,"SAFEWAY MEDICAL CORPORATION, 1212 WESTHEIMER RD, HOUSTON, TX",Medical Supply Company Other|MSC With Respiratory Therapist|Orthotic Personnel,4,2000,8328688609.0
3148,"BEACON RESPIRATORY SERVICES, INC., 4562 MCASHTON ST, SARASOTA, FL",Medical Supply Company Other,5,2000,9419268090.0
3149,"HANGER PROSTHETICS & ORTHOTICS EAST INC, 26 JOURNAL SQUARE PLZ, JERSEY CITY, NJ",Orthotic Personnel|Prosthetic Personnel,3,4000,9737360628.0
3150,"CAPSTONE MEDICAL LLC, 9501 LAKEWOOD DR SW, LAKEWOOD, WA",Medical Supply Company Other,2,4000,8005747992.0
3151,"WEST WICHITA FAMILY OPTOMETRISTS, 1202 W MAPLE ST, WICHITA, KS",Optometrist,1,3000,3162623716.0
3152,"WAL-MART STORES EAST LP, 3101 ROSWELL RD, MARIETTA, GA",Pharmacy,1,3000,6786954961.0
3153,"PULMOCARE RESPIRATORY SERVICES INC, 760 VIA LATA AVE, COLTON, CA",MSC With Respiratory Therapist,4,4000,9097775000.0
3154,"BRIAN E WEBER OD LLC, 21 E WARD ST, SPRINGFIELD, OH",Optometrist,1,2000,9373255045.0
3155,"JAMES M GREER DPM, 350 JOHN MUIR PKWY, BRENTWOOD, CA",Orthotic Personnel,3,4000,9255161551.0
3156,"MARK B. BYERS O.D., 429 D ST, MARYSVILLE, CA",Optometrist,2,4000,5307421679.0
3157,"MOUNT SINAI MEDICAL CENTER OF FLORIDA, INC, 4302 ALTON RD, MIAMI BEACH, FL",Pharmacy,3,2000,3056742518.0
3158,"STRONG OPTICAL SHOP, 601 ELMWOOD AVE, ROCHESTER, NY",Optician,1,5000,5852733937.0
3159,"GARFIELD BEACH CVS LLC, 26550 BOUQUET CANYON RD, SAUGUS, CA",Pharmacy,1,4000,6612971968.0
3160,"MCCAULLEY OPTOMETRIC PA, 2601 10TH ST, GREAT BEND, KS",Optometrist,1,2000,6207922020.0
3161,"MISSOURI CVS PHARMACY LLC, 501 W MOUNT VERNON ST, NIXA, MO",Pharmacy,1,5000,4177248409.0
3162,"JG OPTICAL INC, 108 BROUGHTON AVE, BLOOMFIELD, NJ",Optician,2,3000,9737431353.0
3163,"PENNSYLVANIA CVS PHARMACY LLC, 1535 W 26TH STREET, ERIE, PA",Pharmacy,5,5000,8144611215.0
3164,"CVS PHARMACY INC, 10515 FRY RD, CYPRESS, TX",Pharmacy,1,2000,2812568779.0
3165,"EYE HEALTH ASSOCIATES INC, 51 STATE RD, DARTMOUTH, MA",Optometrist|Optician,3,5000,5089941400.0
3166,"IHC HEALTH SERVICES INC, 289W 1230 N, PROVO, UT",Medical Supply Company Other|MSC With Respiratory Therapist,1,3000,8013578250.0
3167,"WAL-MART STORES EAST LP, 770 BROADWAY, SAGUS, MA",Pharmacy,4,5000,4792772500.0
3168,"NORTH CAROLINA CVS PHARMACY LLC, 14600 LAWYERS RD, MATTHEWS, NC",Pharmacy,1,2000,7048822743.0
3169,"NAI SATURN EASTERN LLC, 1313 LONDONTOWN BLVD, ELDERSBURG, MD",Pharmacy|Grocery Store,4,4000,4105521015.0
3170,"VIRGINIA CVS PHARMACY LLC, 4126 PLANTATION RD NE, ROANOKE, VA",Pharmacy,2,4000,5405634968.0
3171,"MEDEQUIPPED LLC, 747 CHESTNUT RIDGE RD, SPRING VALLEY, NY",Medical Supply Company Other,3,3000,8453776670.0
3172,"WALGREEN CO, 7227 S STATE ST, MIDVALE, UT",Pharmacy,5,2000,8013070494.0
3173,"MEIJER STORES LIMITED PARTNERSHIP, 247 TALLMADGE RD, KENT, OH",Pharmacy|Department Store|Grocery Store,3,4000,3309775610.0
3174,"VIRGINIA CVS PHARMACY LLC, 8185 ATLEE RD, MECHANICSVLLE, VA",Pharmacy,3,3000,8045591303.0
3175,"PUBLIX SUPER MARKETS INC, 939 W BRANDON BLVD, BRANDON, FL",Pharmacy,1,5000,8636881188.0
3176,"PRICE CHOPPER OPERATING CO NEW HAMPSHIRE INC, 285 PLAINFIELD RD, WEST LEBANON, NH",Pharmacy,1,4000,6032989680.0
3177,"PA MEDICAL SUPPLY INC, 360 QUAKER RD, QUEENSBURY, NY",Medical Supply Company Other|MSC With Orthotic-Prosthetic,3,4000,5187450995.0
3178,"EXCELLENCE IN MEDICINE INC, 2960 CORTEZ AVE, IDAHO FALLS, ID",Medical Supply Company Other,2,4000,2087159997.0
3179,"NORTH CAROLINA CVS PHARMACY LLC, 305 CAROLINA GREEN PKWY, SOUTHERN PINES, NC",Pharmacy,3,5000,9109925020.0
3180,"TENNESSEE CVS PHARMACY LLC, 3171 LEBANON PIKE, NASHVILLE, TN",Pharmacy,2,4000,6152389915.0
3181,"WAL-MART STORES EAST LP, 326 W MAIN ST, FREEHOLD, NJ",Pharmacy|Optician,4,3000,7327803484.0
3182,"WALGREEN CO, 1453 E 151ST ST, OLATHE, KS",Pharmacy,2,2000,9135385019.0
3183,"PROTECH MEDICAL LLC, 35 EXECUTIVE PARK DR, HENDERSONVILLE, TN",Medical Supply Company Other,3,3000,8007227313.0
3184,"HANGER PROSTHETICS & ORTHOTICS EAST INC, 330 S 5TH ST, ENID, OK",Orthotic Personnel|Prosthetic Personnel,1,2000,5802377654.0
3185,"MOUNTAIN PEAK ASSOCIATES LLC, 4875 E EVANS AVE, DENVER, CO",Medical Supply Company Other,1,2000,3033767449.0
3186,"RITT MEDICAL GROUP INC, 8581 W KELTON LN, PEORIA, AZ",Medical Supply Company Other,4,4000,6239720497.0
3187,"CVS PHARMACY INC, 3200 N BIG SPRING ST, MIDLAND, TX",Pharmacy,1,5000,4017651500.0
3188,"VNA TECHNICARE, INC., 200 CORLISS ST, PROVIDENCE, RI",Medical Supply Company Other|MSC With Respiratory Therapist,5,4000,4013359000.0
3189,"SHORELINE OPTICAL, LLC, 1266 E SHERMAN BLVD, MUSKEGON, MI",Optometrist,4,5000,2317399009.0
3190,"FLORIDA HOSPITAL HOME INFUSION, LLP, 556 FLORIDA CENTRAL PARKWAY, LONGWOOD, FL",Pharmacy,5,2000,4078655489.0
3191,"BAY MEDICAL, LLC, 8285 HARRISON BLVD, CHESAPEAKE BEACH, MD",Medical Supply Company Other,3,4000,3018558199.0
3192,"SLEEPWELL LLC, 2121 NEWMARKET PKWY SE, MARIETTA, GA",MSC With Respiratory Therapist,3,2000,6786539681.0
3193,"CAREMARK, L.L.C., 11162 RENNER BLVD, LENEXA, KS",Pharmacy,5,4000,8003600520.0
3194,"SUPERVALU PHARMACIES INC, 615 W CENTRAL ENTRANCE, DULUTH, MN",Pharmacy|Grocery Store,4,2000,2187273010.0
3195,"WALGREEN CO, 1520 PIONEER RD, MESQUITE, TX",Pharmacy,4,2000,9722888287.0
3196,"RANDALLS FOOD & DRUGS LP, 5721 WILLIAMS DR, GEORGETOWN, TX",Pharmacy|Grocery Store,3,3000,5129426400.0
3197,"CVK CORPORATION, 3725 INGERSOLL AVE, DES MOINES, IA",Optician,1,5000,5150000000000.0
3198,"GEAUX 2 PEDIATRICS LLC, 181 COMMERCIAL SQUARE, SLIDELL, LA",Medical Supply Company Other,2,2000,9852018985.0
3199,"STAT-MED, INC., 23606 N 19TH AVE, PHOENIX, AZ",Medical Supply Company Other,5,3000,6234344895.0
3200,"MISSOURI CVS PHARMACY LLC, 8200 N LINDBERGH BLVD, FLORISSANT, MO",Pharmacy,3,2000,3149217345.0
3201,"GEORGIA HOME MEDICAL INC, 416 PINE AVE, ALBANY, GA",Medical Supply Company Other,1,5000,2298835600.0
3202,"GARRARD PHARMACISTS GROUP INC, 1113 W LEXINGTON AVE, WINCHESTER, KY",Pharmacy,2,4000,8597454445.0
3203,"GATEWOOD PROSTHETICS INC, 2515 OLD WHITTLESEY RD, COLUMBUS, GA",Orthotic Personnel|Prosthetic Personnel,1,5000,7065968004.0
3204,"NEW JERSEY CVS PHARMACY LLC, 77 RTE 206, STANHOPE, NJ",Pharmacy,3,5000,9734260466.0
3205,"SG HOMECARE,INC., 2341 CEPHEUS CT, BAKERSFIELD, CA",Medical Supply Company Other,5,2000,9494742050.0
3206,"LUXOTTICA OF AMERICA INC, 7474 TOWNE CTR PKWY, PAPILLION, NE",Optician,2,3000,4025923239.0
3207,"GIANT OF MARYLAND LLC, 200 ROSEWICK RD, LA PLATA, MD",Pharmacy,2,3000,3013925485.0
3208,"HOLIDAY CVS LLC, 5640 SUNSET DR, MIAMI, FL",Pharmacy,2,5000,3056661085.0
3209,"WALGREEN CO, AVENIDA LOMAS VERDES, GUAYNABO, PR",Pharmacy,3,2000,7872870528.0
3210,"CVS PHARMACY INC, 3401 TIDWELL RD, HOUSTON, TX",Pharmacy,1,2000,7136916571.0
3211,"BLUEGRASS VISION GROUP OF MOREHEAD PLLC, 322 KROGER CTR, MOREHEAD, KY",Optometrist,5,4000,6067272800.0
3212,"WALGREEN CO, 2020 S NAPERVILLE RD, WHEATON, IL",Pharmacy,2,5000,6306822582.0
3213,"WALMART INC, 4000 ROUTE 173, ZION, IL",Pharmacy|Optician,3,3000,8477318172.0
3214,"WALGREEN CO, 316 BROADWAY, KINGSTON, NY",Pharmacy,1,5000,8453380197.0
3215,"MARZEL'S INC., 1220 OAKLAND BLVD, WALNUT CREEK, CA",MSC With Prosthetic Personnel,3,2000,9259392450.0
3216,"PUMPS IT, INC., 10601 GRANT RD, HOUSTON, TX",Medical Supply Company Other,5,5000,8886707867.0
3217,"WALGREEN CO, 3580 ROUTE 66, NEPTUNE, NJ",Pharmacy,4,4000,7329226379.0
3218,"WALGREEN CO, 2720 W JACKSON ST, MUNCIE, IN",Pharmacy,1,3000,7652878533.0
3219,"PRICE CHOPPER INC, 121 FARMINGTON AVE, BRISTOL, CT",Pharmacy,4,3000,8605823702.0
3220,"HOLIDAY CVS LLC, 3501 DAVIE BLVD, FORT LAUDERDALE, FL",Pharmacy,3,4000,9545839195.0
3221,"APRIA HEALTHCARE LLC, 612 BEATTY RD, MONROEVILLE, PA",Medical Supply Company Other|MSC With Respiratory Therapist,2,3000,4123731603.0
3222,"HANGER PROSTHETICS & ORTHOTICS INC, 310 TAUGHANNOCK BLVD, ITHACA, NY",Orthotic Personnel|Prosthetic Personnel,1,4000,6072776620.0
3223,"H-E-B LP, 10200 HIGHWAY 242, CONROE, TX",Pharmacy,3,2000,9365251200.0
3224,"ST VINCENT HOSPITAL-HOSPITAL SISTERS-THIRD ORDER OF ST FRANCIS, 1821 S WEBSTER AVE, GREEN BAY, WI",Optometrist,5,5000,9204964700.0
3225,"180 MEDICAL INC, 7869 SW NIMBUS AVENUE, BEAVERTON, OR",Medical Supply Company Other,4,2000,8776882729.0
3226,"EMPIRE VISION CENTER INC., 9141 QUEENS BLVD, ELMHURST, NY",Optician,1,2000,7184582631.0
3227,"JEWELL VISION CARE, INC, 689 LANCASTER BYP E, LANCASTER, SC",Optometrist,3,5000,8032832020.0
3228,"VISIONWORKS INC, 1785 RADIO DR, WOODBURY, MN",Optician,5,3000,6515010920.0
3229,"NEW JERSEY CVS PHARMACY LLC, 29 DEFOREST AVE, SUMMIT, NJ",Pharmacy,3,5000,9082730360.0
3230,"WALGREEN CO, 5600 S 1ST ST, AUSTIN, TX",Pharmacy,2,3000,5124414747.0
3231,"LOUISIANA CVS PHARMACY LLC, 1731 MANHATTAN BLVD, HARVEY, LA",Pharmacy,1,5000,5043641659.0
3232,"ALBERTSONS LLC, 3137 GRAND AVE, BILLINGS, MT",Pharmacy|Grocery Store,3,5000,4066528359.0
3233,"WALMART INC, 745 W HILL FIELD RD, LAYTON, UT",Pharmacy|Optician,3,2000,8015461993.0
3234,"KANSAS CVS PHARMACY LLC, 9521 MISSION RD, OVERLAND PARK, KS",Pharmacy,2,5000,9133832823.0
3235,"HANGER PROSTHETICS & ORTHOTICS WEST INC, 115 S CANDY LN, COTTONWOOD, AZ",Orthotic Personnel|Prosthetic Personnel,2,3000,9286391211.0
3236,"RISER FOODS COMPANY, 21593 LORAIN RD, FAIRVIEW PARK, OH",Pharmacy,3,2000,4403563677.0
3237,"AIDS HEALTHCARE FOUNDATION, 3580 5TH AVE, SAN DIEGO, CA",Pharmacy,1,3000,6195749700.0
3238,"MAISHA OPTICAL LLC, 1251 E MCANDREWS RD, MEDFORD, OR",Optometrist,4,3000,5417791392.0
3239,"CUSTOM HEALTHCARE, LLC, 3700 BRAINERD RD, STE 134, CHATTANOOGA, TN",Medical Supply Company Other|MSC With Orthotic Personnel|MSC With Prosthetic Personnel|MSC With Orthotic-Prosthetic|Orthotic Personnel|Prosthetic Personnel,5,3000,4236970057.0
3240,"VALLEY OPTICIANS INC., 780 NW GARDEN VALLEY BLVD, ROSEBURG, OR",Optician,2,5000,5416725400.0
3241,"HENRY FORD HEALTH SYSTEM, 39450 W 12 MILE RD, NOVI, MI",Pharmacy,5,4000,2483440705.0
3242,"ALLY MEDICAL SUPPLY INC, 9247 N MERIDIAN ST, INDIANAPOLIS, IN",Medical Supply Company Other,2,3000,3124935657.0
3243,"WALGREEN CO, 2702 N ARGONNE RD, MILLWOOD, WA",Pharmacy,1,5000,5098921637.0
3244,"GARFIELD BEACH CVS LLC, 313 WASHINGTON ST, SAN DIEGO, CA",Pharmacy,1,4000,6192917170.0
3245,"PUBLIX TENNESSEE, LLC, 198 FOOTHILLS MALL, MARYVILLE, TN",Pharmacy,2,2000,8655180972.0
3246,"LONGS DRUG STORES CALIFORNIA LLC, 13763 MONO WAY, SONORA, CA",Pharmacy,4,4000,2095326973.0
3247,"WAL-MART STORES EAST LP, 180 N LEE ST, FORSYTH, GA",Pharmacy,3,2000,4789946005.0
3248,"CVS PHARMACY INC, 165 UNIVERSITY DRIVE, AMHERST, MA",Pharmacy,1,2000,4132560421.0
3249,"PROCARE PHARMACY LLC, 35 KNEELAND ST, BOSTON, MA",Pharmacy,1,2000,6175421885.0
3250,"HANGER PROSTHETICS & ORTHOTICS INC, 2655 INTERPLEX DR, TREVOSE, PA",Orthotic Personnel|Prosthetic Personnel,4,5000,2152444100.0
3251,"LUXOTTICA OF AMERICA INC, 495 UNION ST, WATERBURY, CT",Optician,2,4000,2035971355.0
3252,"WALGREEN CO, 4220 MANATEE AVE W, BRADENTON, FL",Pharmacy,4,5000,9417491561.0
3253,"WALGREEN CO, 4101 1ST AVE, LYONS, IL",Pharmacy,4,3000,7084476851.0
3254,"WAL-MART STORES TEXAS, LLC, 4904 COLLEYVILLE BLVD, COLLEYVILLE, TX",Pharmacy,3,3000,8177708339.0
3255,"LUXOTTICA OF AMERICA INC, 2329 COTTMAN AVE, PHILADELPHIA, PA",Optician,3,5000,2153329820.0
3256,"STRIVE MEDICAL LLC, 5500 MING AVE, BAKERSFIELD, CA",Medical Supply Company Other,2,5000,8887719229.0
3257,"MCFARLAND CLINIC PC, 3600 LINCOLN WAY, AMES, IA",Optometrist|Optician,2,2000,5156634888.0
3258,"HEALTH MAX 5TH AVENUE INC., 5313 5TH AVE, BROOKLYN, NY",Pharmacy,4,3000,7185678000.0
3259,"PHARMERICA LONG-TERM CARE LLC, 4171 N MESA ST, EL PASO, TX",Certified Other|Pharmacy,3,3000,8133186000.0
3260,"EMPIRE VISION CENTER INC., 100 E MAIN ST, SMITHTOWN, NY",Optometrist|Optician,1,3000,6312654700.0
3261,"SHILLINGTON EYE ASSOCIATES, 453 E LANCASTER AVE, SHILLINGTON, PA",Optometrist,1,5000,6107753321.0
3262,"WALGREEN CO, 1145 US 31W BYP, BOWLING GREEN, KY",Pharmacy,4,5000,2078423339.0
3263,"ONE STEP PHARMACY CORP, 2457 HYLAND BLVD, STATEN ISLAND, NY",Pharmacy,3,4000,7182854838.0
3264,"NPA PHARMACEUTICALS LLC, 1717 FOSTER AVE, BROOKLYN, NY",Pharmacy,4,4000,7187241717.0
3265,"WALGREEN CO, 1142 N DESLOGE DR, DESLOGE, MO",Pharmacy,4,2000,5734312242.0
3266,"WALGREEN CO, 9200 CONROY WINDERMERE RD, WINDERMERE, FL",Pharmacy,2,2000,4076126100.0
3267,"LASCASSAS DRUGS LLC, 4702 LASCASSAS PIKE, LASCASSAS, TN",Pharmacy,3,5000,6158969808.0
3268,"WALGREEN CO, 6201 E BROAD ST, COLUMBUS, OH",Pharmacy,4,2000,6143677526.0
3269,"EXPRESS MEDICAL EQUIPMENT, INC., 140 HILLSIDE AVE, HILLSIDE, NJ",MSC With Respiratory Therapist,2,3000,9739261400.0
3270,"WALGREEN CO, 4999 STATE HWY 30, AMSTERDAM, NY",Pharmacy,3,4000,5188436661.0
3271,"COREY H TABBERT OD PA, 15 NE 5TH ST, GRAND RAPIDS, MN",Optometrist,1,3000,2183271148.0
3272,"OPRX 11416 LLC, 9605 101ST AVE, OZONE PARK, NY",Pharmacy,1,4000,7188801644.0
3273,"CROMWELL MARKETS LLC, 45 SHUNPIKE RD, CROMWELL, CT",Pharmacy|Grocery Store,3,3000,8606130741.0
3274,"ALABAMA CVS PHARMACY, L.L.C., 418 W VALLEY AVE, HOMEWOOD, AL",Pharmacy,5,4000,2059427503.0
3275,"CATES OPTOMETRY LLC, 2001 CHESTER BLVD, RICHMOND, IN",Optometrist|Optician,1,2000,7659660583.0
3276,"HEAL MEDICAL SUPPLY LLC, 17541 17TH ST, TUSTIN, CA",MSC With Orthotic Personnel,5,2000,6575002023.0
3277,"MIDWEST EYE CONSULTANTS PC, 374 INDIAN BOUNDARY RD, CHESTERTON, IN",Optometrist,3,2000,2193951575.0
3278,"PHARMSCRIPT OF IL LLC, 281 SHORE DRIVE, BURR RIDGE, IL",Pharmacy,2,2000,9083891818.0
3279,"WALMART INC, 3150 HARRISON ST, BATESVILLE, AR",Pharmacy|Optician,2,2000,8707934464.0
3280,"RAPHA MEDICAL LLC, 4224 S PEORIA AVE, TULSA, OK",Medical Supply Company Other|MSC With Orthotic-Prosthetic,3,5000,9186242185.0
3281,"180 MEDICAL INC, N8W22195 JOHNSON DR, WAUKESHA, WI",Medical Supply Company Other,3,5000,8776882729.0
3282,"HANGER PROSTHETICS & ORTHOTICS WEST INC, 4920 E SPEEDWAY BLVD, TUCSON, AZ",Orthotic Personnel|Prosthetic Personnel,4,3000,5203220099.0
3283,"JCMH HOME HEALTH PRODUCTS INC., 1208E TAMARACK RD, ALTUS, OK",Medical Supply Company Other|MSC With Respiratory Therapist,1,2000,5803796800.0
3284,"WALGREEN CO, 303 S CIRCLE DR, COLORADO SPRINGS, CO",Pharmacy,2,4000,7194448569.0
3285,"1070 SOUTHERN DRUG LLC, 1070 SOUTHERN BLVD, BRONX, NY",Pharmacy,3,2000,7186187878.0
3286,"WALGREEN CO, 3354 GILMER ROAD, LONGVIEW, TX",Pharmacy,5,4000,9032976963.0
3287,"TENNESSEE CVS PHARMACY LLC, 1331 MEMORIAL BLVD, MURFREESBORO, TN",Pharmacy,2,2000,6158938887.0
3288,"UNITED INTERMANAGEMENT, LTD., 3102 QUENTIN RD, BROOKLYN, NY",Medical Supply Company Other|MSC With Respiratory Therapist|MSC With Prosthetic Personnel|MSC With Orthotic-Prosthetic,4,3000,7187582221.0
3289,"WAL-MART STORES EAST LP, 3393 N 81 HWY, DUNCAN, OK",Pharmacy,3,5000,5802524888.0
3290,"HEALTHDIRECT INSTITUTIONAL PHARMACY SERVICES INC, 201 E CHESTNUT ST, LANCASTER, PA",Pharmacy,4,2000,7173933814.0
3291,"PUBLIX ALABAMA, LLC, 9124 COTTAGE HILL ROAD, MOBILE, AL",Pharmacy,1,3000,2519305892.0
3292,"OE MEDICAL SUPPLY INC, 12403 18TH AVE, COLLEGE POINT, NY",Medical Supply Company Other,5,4000,3473686706.0
3293,"COSTCO WHOLESALE CORPORATION, 245 STAFFORD PARK BLVD, STAFFORD TOWNSHIP, NJ",Medical Supply Company Other|Pharmacy,3,4000,6092422011.0
3294,"THEATRE PHARMACY COMPANY INC., 1784 MASSACHUSETTS AVE, LEXINGTON, MA",Pharmacy,2,2000,7818624480.0
3295,"JERICHO ROAD MINISTRIES INC, 184 BARTON ST, BUFFALO, NY",Pharmacy,3,3000,7164277650.0
3296,"ALBERTSONS LLC, 1360 PLAZA BLVD, CENTRAL POINT, OR",Pharmacy|Grocery Store,4,3000,5416653766.0
3297,"WALGREEN CO, 2126 NALL ST, PORT NECHES, TX",Pharmacy,2,3000,4097271426.0
3298,"UNITED RX LLC, 150 FENCL LN, HILLSIDE, IL",Pharmacy,2,4000,7083755736.0
3299,"LUXOTTICA OF AMERICA INC, 8200 PERRY HALL BLVD, BALTIMORE, MD",Optician,3,3000,4109318122.0
3300,"KROGER TEXAS L P, 6200 HIGHWAY 6, MISSOURI CITY, TX",Pharmacy|Grocery Store,2,4000,2812081735.0
3301,"HANGER PROSTHETICS & ORTHOTICS EAST INC, 55 PITTSFIELD RD, LENOX, MA",Orthotic Personnel|Prosthetic Personnel,3,5000,4133316836.0
3302,"WALGREEN CO, 9085 HIGHWAY 64, ARLINGTON, TN",Pharmacy,2,5000,9013821533.0
3303,"THE STOP & SHOP SUPERMARKET COMPANY LLC, 368 COTTAGE ST, PAWTUCKET, RI",Pharmacy|Grocery Store,2,5000,4017226538.0
3304,"WAL-MART STORES EAST LP, 30 TRINITY POINT DR, WASHINGTON, PA",Pharmacy|Optician,4,4000,7242294022.0
3305,"GREAT LAKES DURABLE MEDICAL EQUIPMENT, 12701 TELEGRAPH RD, TAYLOR, MI",Medical Supply Company Other,4,4000,7346435028.0
3306,"AUBURN PHARMACY INC, 20375 W 151ST ST, OLATHE, KS",Pharmacy,3,5000,9133934440.0
3307,"WALGREEN CO, 6365 LEWIS DR, PARKVILLE, MO",Pharmacy,5,3000,8165051708.0
3308,"GRADE A SHOP RITE COMMERCE RD LLC, 1990 W MAIN ST, STAMFORD, CT",Pharmacy|Grocery Store,5,3000,2039780546.0
3309,"BOSTON BRACE INTERNATIONAL INC., 1150 FIRST AVE, KING OF PRUSSIA, PA",Orthotic Personnel|Prosthetic Personnel,3,4000,4846819205.0
3310,"H-E-B LP, 10251 KEMPWOOD DR, HOUSTON, TX",Pharmacy|Grocery Store,3,3000,7139960449.0
3311,"MIDWEST EYE CONSULTANTS PC, 2705 S BERKLEY RD, KOKOMO, IN",Optometrist,5,5000,7654532200.0
3312,"WALGREEN CO, 9909 W LOOMIS RD, FRANKLIN, WI",Pharmacy,5,5000,4144277187.0
3313,"MEDWAY MEDICAL EQUIPMENT III LLC, 3448 W LOOP 289, LUBBOCK, TX",Medical Supply Company Other|MSC With Prosthetic Personnel,4,2000,8067978888.0
3314,"WALGREEN CO, 32910 MIDDLEBELT RD, FARMINGTON HILLS, MI",Pharmacy,1,3000,2489739002.0
3315,"ALEGENT CREIGHTON HEALTH, 8248 S 96TH STREET, LAVISTA, NE",Pharmacy,3,3000,4027179510.0
3316,"LUXOTTICA OF AMERICA INC, 1 OLD ORCHARD PLAZA, SKOKIE, IL",Optician,3,5000,8187635880.0
3317,"KENNEDY EHIMARE IJIE SR, 16506 FM 529 RD, HOUSTON, TX",Pharmacy,3,5000,2818157366.0
3318,"FRANKLIN     OGNELODH, 101 COWARDIN AVE, RICHMOND, VA",Orthotic Personnel,4,4000,8046438863.0
3319,"WALGREEN CO, 7000 INDIANA AVE, RIVERSIDE, CA",Pharmacy,3,5000,9518927538.0
3320,"PENNSYLVANIA CVS PHARMACY LLC, 1600 E WADSWORTH AVE, PHILADELPHIA, PA",Pharmacy,3,5000,2158361323.0
3321,"WALGREEN CO, 2300 S GOLDENROD RD, ORLANDO, FL",Pharmacy,1,4000,4073806361.0
3322,"POUDRE INFUSION THERAPY, LLC, 915 CENTRE AVE, FORT COLLINS, CO",Pharmacy,4,2000,9704942130.0
3323,"GEORGIA CVS PHARMACY, L.L.C., 1201 TURNER MCCALL BLVD SE, ROME, GA",Pharmacy,1,3000,7062325270.0
3324,"WALGREEN CO, 615 LOVE AVE, TIFTON, GA",Pharmacy,4,3000,2293825359.0
3325,"ARIZONA CVS STORES LLC, 14672 N FRANK LLOYD WRIGHT, SCOTTSDALE, AZ",Pharmacy,5,2000,4806612936.0
3326,"WAL-MART STORES EAST LP, 650 S TROOPER RD, NORRISTOWN, PA",Pharmacy|Optician,1,2000,6106302944.0
3327,"ROSAUERS SUPERMARKETS INC, 1724 W FRANCIS AVE, SPOKANE, WA",Pharmacy,4,3000,5093253431.0
3328,"WALGREEN CO, 2605 MIDDLEFIELD RD, PALO ALTO, CA",Pharmacy,2,3000,6505669723.0
3329,"WAL-MART STORES EAST LP, 990 ROUTE 5&20, GENEVA, NY",Pharmacy,2,3000,3157812325.0
3330,"HANGER PROSTHETICS & ORTHOTICS INC, 108 EVANS RD, BUTLER, PA",Orthotic Personnel|Prosthetic Personnel,4,4000,7242851284.0
3331,"LAUREL MEDICAL SUPPLIES, INC., 405 S WEST ST, EBENSBURG, PA",Medical Supply Company Other|MSC With Respiratory Therapist|MSC With Orthotic-Prosthetic,2,3000,8144725591.0
3332,"WALGREEN CO, 6001 W CHEYENNE AVE, LAS VEGAS, NV",Pharmacy,5,5000,7023960917.0
3333,"PGBB LLC, 200 E KATELLA AVE, ORANGE, CA",Pharmacy,4,3000,7149416177.0
3334,"HANGER PROSTHETICS & ORTHOTICS INC, 143 BOGLE OFFICE PARK DR, SOMERSET, KY",MSC With Orthotic-Prosthetic,3,3000,6064518678.0
3335,"VEON INC, 601 W 5TH ST, WASHINGTON, NC",Medical Supply Company Other,1,4000,2526232102.0
3336,"BRONXVILLE PHARMACY INC, 57 PONDFIELD RD W, BRONXVILLE, NY",Pharmacy,5,2000,9143465600.0
3337,"THE PINK TENT, LLC, 233 EDELWEISS DR, BOZEMAN, MT",Prosthetic Personnel,3,2000,4065512178.0
3338,"ATTICUS GROUP LLC, 159 FOUNTAINS BLVD, MADISON, MS",Certified Other|Pharmacy,4,3000,6018598200.0
3339,"WAL-MART STORES EAST LP, 200 S TUTTLE RD, SPRINGFIELD, OH",Pharmacy|Optician,2,2000,9373252613.0
3340,"HORIZON ORTHOTIC & PROSTHETIC EXPERIENCE INC, 4900 S ARROWHEAD DR, INDEPENDENCE, MO",Orthotic Personnel|Prosthetic Personnel,1,2000,8167959600.0
3341,"H-E-B LP, 2929 THOUSAND OAKS DR, SAN ANTONIO, TX",Pharmacy,3,3000,2104919976.0
3342,"GARFIELD BEACH CVS LLC, 15232 SHERMAN WAY, VAN NUYS, CA",Pharmacy,1,2000,8183743480.0
3343,"OCEAN BREEZE ASSOCIATES L L C, 1817 HYLAN BLVD, STATEN ISLAND, NY",Certified Other|Pharmacy,3,4000,7189872525.0
3344,"STRIVE MEDICAL LLC, 4045 UNIVERSITY PKWY, WINSTON SALEM, NC",Medical Supply Company Other,2,3000,8887719229.0
3345,"NAI SATURN EASTERN LLC, 1925 MAIN ST, CHESTER, MD",Pharmacy|Grocery Store,3,5000,4106040981.0
3346,"CVS PHARMACY INC, 11540 WESTHEIMER RD, HOUSTON, TX",Pharmacy,1,3000,2816798031.0
3347,"AMERITA OF NEW YORK, LLC., 75 NASSAU TERMINAL RD, NEW HYDE PARK, NY",Certified Other|Pharmacy,2,2000,5167255944.0
3348,"GIANT OF MARYLAND LLC, 1000 E MAIN ST, PURCELLVILLE, VA",Pharmacy|Grocery Store,1,4000,7034436361.0
3349,"GARFIELD BEACH CVS LLC, 1820 W VERDUGO AVE, BURBANK, CA",Pharmacy,4,3000,8188459332.0
3350,"WALGREEN CO, 180 BRIDGETON PIKE, MANTUA, NJ",Pharmacy,1,2000,8564689530.0
3351,"ALBERTSONS LLC, 1155 N MAIN ST, EULESS, TX",Pharmacy|Grocery Store,2,5000,8173542427.0
3352,"WALGREEN CO, 15350 W BLUEMOUND RD, ELM GROVE, WI",Pharmacy,2,5000,2627896819.0
3353,"WALMART INC, 11328 S JORDAN GTWY, SOUTH JORDAN, UT",Pharmacy|Optician,1,5000,8015532270.0
3354,"SOUTH CAROLINA CVS PHARMACY LLC, 820 N MAIN ST, WOODRUFF, SC",Pharmacy,2,4000,8644760463.0
3355,"PACIFIC EYE SPECIALISTS A PROFESSIONAL CORPORATION, 1850 SULLIVAN AVE, DALY CITY, CA",Optometrist,2,2000,65075569004.0
3356,"WAL-MART STORES EAST LP, 8000 TOWN DR, RALEIGH, NC",Pharmacy|Optician,1,4000,9194341963.0
3357,"HAMMER INCORPORATED, 219 E MAIN ST, MARSHALLTOWN, IA",Medical Supply Company Other|MSC With Respiratory Therapist,2,3000,6417540000.0
3358,"KROGER LIMITED PARTNERSHIP I, 2525 NICHOLS AVE, DYERSBURG, TN",Pharmacy|Grocery Store,1,4000,7312856030.0
3359,"HOLIDAY CVS LLC, 444 MONUMENT RD, JACKSONVILLE, FL",Pharmacy,5,3000,9047228573.0
3360,"JOINT FORCES LLC, 611 PARK MEADOW RD, WESTERVILLE, OH",Medical Supply Company Other,4,2000,6144237174.0
3361,"MERCY HEALTH SERVICES- IOWA CORP, 2440 BRIDGE AVE, ALBERT LEA, MN",MSC With Respiratory Therapist,4,2000,5073207905.0
3362,"PUBLIX SUPER MARKETS INC, 3221 VINELAND RD, KISSIMMEE, FL",Pharmacy,3,5000,4076060035.0
3363,"MATVALS CORP, 2260 JOHN F KENNEDY BLVD, JERSEY CITY, NJ",Orthotic Personnel|Pharmacy,5,2000,2014325205.0
3364,"FAIRLAWN PHARMACY LIMITED LIABILITY COMPANY, 14-25 PLAZA RD, FAIR LAWN, NJ",Pharmacy,4,4000,2017736090.0
3365,"THE GIANT COMPANY LLC, 1255 CARLISLE RD, YORK, PA",Pharmacy|Grocery Store,2,2000,7177187770.0
3366,"REID EYE CARE LTD, 110 EAST RYDER STREET, LITCHFIELD, IL",Optometrist,4,2000,2173242762.0
3367,"WAL-MART STORES EAST LP, 5560 MCCLELLAN BLVD, ANNISTON, AL",Pharmacy|Optician,2,4000,2568200994.0
3368,"MODESTO EYE CENTER INC, 1741 COFFEE RD, MODESTO, CA",Optometrist|Optician,2,4000,2095242020.0
3369,"RISER FOODS COMPANY, 14650 SNOW RD, BROOKPARK, OH",Pharmacy,2,4000,2162672185.0
3370,"WALGREEN CO, 3376 VIRGINIA BEACH BLVD, VIRGINIA BEACH, VA",Pharmacy,5,5000,7573408013.0
3371,"WELL GOODS PHARMACY INC, 3179 N STATE ROAD 7, MARGATE, FL",Pharmacy,4,4000,9549332191.0
3372,"CVS PHARMACY INC, 5510 W OREM DR, HOUSTON, TX",Pharmacy,4,3000,7134135248.0
3373,"LO-MED PRESCRIPTION SERVICES, LLC, 1360 REIMER RD, WADSWORTH, OH",Pharmacy,3,5000,3303366628.0
3374,"PUBLIX SUPER MARKETS INC, 11830 US HIGHWAY 301, DADE CITY, FL",Pharmacy,4,5000,3525213036.0
3375,"WALGREEN CO, 22318 PONTIAC TRL, SOUTH LYON, MI",Pharmacy,2,2000,2484865216.0
3376,"HY-VEE INC, 1215 DUFF AVE, AMES, IA",Pharmacy|Grocery Store,4,4000,5152327315.0
3377,"SAND DRUGS INC, 1206 7TH ST SE, DECATUR, AL",Certified Other|Orthotic Personnel|Pharmacy,2,5000,2563535011.0
3378,"ALBRO DRUG COMPANY INC, 195 MAIN ST, CHATHAM, NJ",Pharmacy,4,2000,9736356200.0
3379,"MACPHERSONS LTD, 2325 S 77 SUNSHINESTRIP, HARLINGEN, TX",Medical Supply Company Other|Certified Other|MSC With Respiratory Therapist|MSC With Orthotic Personnel|MSC With Prosthetic Personnel|MSC With Orthotic-Prosthetic|Orthotic Personnel,1,5000,9564129100.0
3380,"PUBLIX SUPER MARKETS INC, 11109 WINTHROP MARKET ST, RIVERVIEW, FL",Pharmacy,1,3000,8136840169.0
3381,"CVS PHARMACY INC, 24950 FRANZ RD, KATY, TX",Pharmacy,4,4000,2815748282.0
3382,"WALGREEN CO, 8400 MONTGOMERY BLVD NE, ALBUQUERQUE, NM",Pharmacy,4,4000,5055599134.0
3383,"MARYLAND CVS PHARMACY LLC., 580 MARKETPLACE DR, BEL AIR, MD",Pharmacy,1,3000,4106389031.0
3384,"SUPERVALU PHARMACIES INC, 2001 ROBERT ST S, WEST SAINT PAUL, MN",Pharmacy|Grocery Store,2,5000,6514511113.0
3385,"AMDAN INCORPORATED, 9004 HAVENSIGHT MALL, STE D-F, ST. THOMAS, VI",Certified Other,2,5000,3410000000000.0
3386,"WALGREEN CO, 234 S MAIN ST, ZELIENOPLE, PA",Pharmacy,1,3000,7244527360.0
3387,"GOULDS DISCOUNT MEDICAL LLC, 3901 DUTCHMANS LN, LOUISVILLE, KY",Medical Supply Company Other|MSC With Respiratory Therapist|MSC With Orthotic Personnel|Orthotic Personnel,3,4000,5024912000.0
3388,"KENTUCKY CVS PHARMACY LLC, 160 PAVILION PKWY, NEWPORT, KY",Pharmacy,1,5000,8598140141.0
3389,"LINCARE INC, 101 N 5TH AVE, YAKIMA, WA",Medical Supply Company Other,1,2000,5094695130.0
3390,"HOLIDAY CVS LLC, 2240 E SUNRISE BLVD, FORT LAUDERDALE, FL",Pharmacy,5,4000,9545668309.0
3391,"OPRX #11358, LLC, 3515 FRANCIS LEWIS BLVD, FLUSHING, NY",Pharmacy,4,4000,7185397752.0
3392,"APRIA HEALTHCARE LLC, 2085 S BLUE JAY DR, GILBERT, AZ",Medical Supply Company Other|MSC With Respiratory Therapist,2,2000,6023136826.0
3393,"CITY SCRIPTS CORP, 4010 25TH AVE, ASTORIA, NY",Pharmacy,2,4000,7186852880.0
3394,"ELMORA RX PHARMACY LLC, 136 ELMORA AVE, ELIZABETH, NJ",Pharmacy,4,5000,9084098800.0
3395,"HAMILTON PLAZA VISION CENTER INC., 637 5TH AVE, BROOKLYN, NY",Optometrist|Optician,2,5000,7184994260.0
3396,"THE EYE CARE GROUP, 1201 W MAIN ST, WATERBURY, CT",Optician,5,3000,2035979100.0
3397,"WAL-MART STORES EAST LP, 4000 HIGHWAY 9, BOILING SPGS, SC",Pharmacy|Optician,2,3000,8648146262.0
3398,"WALGREEN CO, 1550 36TH ST SW STE A, WYOMING, MI",Pharmacy,1,2000,6162497887.0
3399,"EMERALD COAST EYE INSTITUTE LLC, 911 MAR WALT DR, FORT WALTON BEACH, FL",Optometrist|Optician,2,4000,8508624001.0
3400,"APRIA HEALTHCARE LLC, 15333 W 95TH ST, LENEXA, KS",Medical Supply Company Other|MSC With Respiratory Therapist,2,2000,9134922212.0
3401,"AIRWAY RESPIRATORY SOLUTIONS, LLC, 905 E ALFRED ST, TAVARES, FL",Medical Supply Company Other,4,2000,3523433006.0
3402,"WHITE DRUG ENTERPRISES INC, 321 HWY 10 W, DETROIT LAKES, MN",Pharmacy,2,5000,2188479248.0
3403,"H-E-B LP, 9100 WOODWAY DR, WOODWAY, TX",Pharmacy,1,5000,2547510912.0
3404,"LUXOTTICA OF AMERICA INC, 6231 PENN AVE, PITTSBURGH, PA",Optician,3,2000,4126263272.0
3405,"NEW GROUND CARE LLC, 97 HEFNER ST, EAST ELLIJAY, GA",Medical Supply Company Other,5,4000,7062762555.0
3406,"NEW JERSEY CVS PHARMACY LLC, 819 BARNEGAT AVE, SHIP BOTTOM, NJ",Pharmacy,5,3000,6093618534.0
3407,"WALGREEN CO, 101 W FM 495, SAN JUAN, TX",Pharmacy,2,4000,9567871830.0
3408,"LIFETIME HEALTH & WELLNESS CENTER SC, 101 SOUTH MCLEAN BOULEVARD, SOUTH ELGIN, IL",Medical Supply Company Other,3,2000,8477173400.0
3409,"CVS ALBANY LLC, 2030 HILLSIDE AVE, NEW HYDE PARK, NY",Pharmacy,3,4000,5163548942.0
3410,"R&M REYES ENTERPRISE, LLC, 94-479 UKEE ST, WAIPAHU, HI",Medical Supply Company Other|MSC With Orthotic Personnel,3,4000,8086767661.0
3411,"U SAVE IT PHARMACY INC, 2112 PALMYRA RD, ALBANY, GA",Pharmacy,2,5000,2294394939.0
3412,"KEENUM PHARMACY, LLC, 2101 N MAIN ST, ALTUS, OK",Pharmacy,1,5000,5804770381.0
3413,"WAL-MART STORES TEXAS, LLC, 9460 W SAM HOUSTON PKWY S, HOUSTON, TX",Pharmacy|Optician,5,4000,2815683134.0
3414,"NORCO INC, 302 SHELLEY ST, SPRINGFIELD, OR",MSC With Respiratory Therapist,1,2000,5413430304.0
3415,"NUEVO HEALTH INC, 937 OLD KNIGHT RD, KNIGHTDALE, NC",Pharmacy,2,4000,9192954446.0
3416,"AEROCARE HOME MEDICAL INC, 6555 U S HIGHWAY 98, HATTIESBURG, MS",Medical Supply Company Other,2,4000,6012966811.0
3417,"SINCERE CARE MANAGEMENT INC, 728 PACIFIC AVE, SAN FRANCISCO, CA",Medical Supply Company Other,3,4000,4157523288.0
3418,"COUNTY OF SANTA CLARA, 500 TULLY RD, SAN JOSE, CA",Pharmacy,1,4000,4088171360.0
3419,"HIGHLAND PARK CVS LLC, 1005 E ROOSEVELT RD, LOMBARD, IL",Pharmacy,2,5000,6306278866.0
3420,"NEW JERSEY CVS PHARMACY LLC, 100 SPRINGDALE RD, CHERRY HILL, NJ",Pharmacy,2,4000,8564285909.0
3421,"GEISINGER PHARMACY LLC, 114 LT MICHAEL CLEARY DR, DALLAS, PA",Pharmacy,4,4000,5702551167.0
3422,"NAI SATURN EASTERN LLC, 1688 ANDERSON RD, MC LEAN, VA",Pharmacy|Grocery Store,5,4000,7033431004.0
3423,"KREGG KOONS OD INC, 3300 W FOX RIDGE LN, MUNCIE, IN",Optometrist|Optician,1,5000,7652894727.0
3424,"CVS ALBANY LLC, 500 W 42ND ST, NEW YORK, NY",Pharmacy,5,4000,2122444285.0
3425,"METHODIST HEALTHCARE - MEMPHIS HOSPITALS, 1265 UNION AVE, MEMPHIS, TN",Hospital|Pharmacy,5,3000,9015167834.0
3426,"CVS PHARMACY INC, 39739 LBJ FWY, DALLAS, TX",Pharmacy,3,3000,4693413921.0
3427,"WALGREEN CO, 420 N FRAZIER ST, CONROE, TX",Pharmacy,1,4000,9364940424.0
3428,"THRIFT DRUG INC, 480 ROUTE 9 S, LITTLE EGG HARBOR, NJ",Pharmacy,3,5000,6092967000.0
3429,"WAL-MART STORES EAST LP, 2525 US HWY 70 SE, HICKORY, NC",Pharmacy|Optician,3,2000,8283277891.0
3430,"PUBLIX SUPER MARKETS INC, 1780 NE JENSEN BEACH BLVD, JENSEN BEACH, FL",Pharmacy,2,2000,7722253722.0
3431,"WALGREEN CO, 1101 CROSS TIMBERS RD, FLOWER MOUND, TX",Pharmacy,5,4000,9723555149.0
3432,"HOVEROUND CORPORATION, 307 TREEWORTH BLVD, BROADVIEW HEIGHTS, OH",Medical Supply Company Other,1,3000,9417826627.0
3433,"HOLIDAY CVS LLC, 13711 S TAMIAMI TRL, FORT MYERS, FL",Pharmacy,2,3000,2394813755.0
3434,"COMMUNITY PHARMACIES, LLC., 75 MAIN ST, BUCKSPORT, ME",Pharmacy,3,2000,2074697030.0
3435,"WALGREEN CO, 4520 WESTERN CENTER BLVD, HALTOM CITY, TX",Pharmacy,4,5000,8175148063.0
3436,"AMERICAN LIMB AND ORTHOPEDIC COMPANY OF VALPARAISO, 201 E MORTHLAND DR, VALPARAISO, IN",Orthotic Personnel|Prosthetic Personnel,5,4000,2195317479.0
3437,"LEDBETTER PROSTHETICS AND ORTHOTICS, INC., 186 BELMONT DR, DOTHAN, AL",Orthotic Personnel|Prosthetic Personnel,4,5000,3347921527.0
3438,"P-COR,LLC, 3271 UNION LAKE RD, COMMERCE TOWNSHIP, MI",Optometrist,3,5000,2483600121.0
3439,"WALGREEN CO, 1201 S FEDERAL HWY, FORT LAUDERDALE, FL",Pharmacy,1,2000,9545231486.0
3440,"BHMS INC, 234 W MAIN ST, BELLEVUE, OH",Medical Supply Company Other|Certified Other|Pharmacy,1,3000,4194836001.0
3441,"HEALTHRX, INC, 82 CHURCH AVE, BROOKLYN, NY",Pharmacy,4,2000,7186180523.0
3442,"NEW JERSEY CVS PHARMACY LLC, 321 S MAIN ST, MANVILLE, NJ",Pharmacy,2,2000,9087258050.0
3443,"PUBLIX SUPER MARKETS INC, 3100 SW 62ND AVE, MIAMI, FL",Pharmacy,2,4000,3056697155.0
3444,"OHIO CVS STORES LLC, 620 SOUTH CLEVELAND AVENUE, WESTERVILLE, OH",Pharmacy,1,2000,6148619771.0
3445,"EYELINE OPTICAL OF VICKSBURG INC, 2449 N FRONTAGE RD, VICKSBURG, MS",Optician,4,2000,6016387905.0
3446,"ACHIEVE DME, INC., 121 CENTRUM DR, IRMO, SC",MSC With Respiratory Therapist,3,5000,8037141977.0
3447,"WALMART INC, 1201 S 25TH E, AMMON, ID",Pharmacy|Grocery Store|Optician,4,3000,2085222866.0
3448,"CVS ALBANY LLC, 87 SUNSET AVENUE, WESTHAMPTON BEACH, NY",Pharmacy,1,2000,6312881897.0
3449,"SUNKAN CORP., 18475 COLIMA RD, ROWLAND HEIGHTS, CA",Optician,2,2000,6266169040.0
3450,"SHAWS SUPERMARKETS INC, 251 KENNEDY MEMORIAL DR, WATERVILLE, ME",Pharmacy|Grocery Store,3,4000,2076803001.0
3451,"MARYLAND CVS PHARMACY LLC., 3110 OLNEY SANDY SPRING RD, OLNEY, MD",Pharmacy,2,5000,3017746155.0
3452,"AMATO MANAGEMENT LLC, 938 PATRICIA AVE, DUNEDIN, FL",Pharmacy,4,2000,7277330404.0
3453,"CVS PHARMACY INC, 12550 LOUETTA RD, CYPRESS, TX",Pharmacy,1,4000,2812577792.0
3454,"WALGREEN CO, 65 INFANTERIA Y JESUS FRAGOSO, CAROLINA, PR",Pharmacy,4,2000,7877694122.0
3455,"WALMART INC, 1791 SE ENSIGN LN, WARRENTON, OR",Pharmacy,5,3000,5038610644.0
3456,"SAFEWAY INC, 2203 MISSION ST, SANTA CRUZ, CA",Pharmacy|Grocery Store,5,3000,8314200785.0
3457,"DEAN MCGEE EYE INSTITUTE, 3201 W GORE BLVD, LAWTON, OK",Prosthetic Personnel|Optician,2,2000,5805855485.0
3458,"WALMART INC, 4701 MISSION RD, WESTWOOD, KS",Pharmacy,2,3000,9138319233.0
3459,"IRENE M. BOYD DBA/TRI-COUNTY ORTHOTIC PROSTHETIC INSTITUTE, 1411 NW 23RD AVE, CHIEFLAND, FL",Orthotic Personnel|Prosthetic Personnel,4,3000,3524930360.0
3460,"THE KROGER CO, 227 SANDY SPRINGS PL NE, ATLANTA, GA",Pharmacy|Grocery Store,1,2000,4042562779.0
3461,"DIABETES SUPPLY CENTER OF THE MIDLANDS LLC, 10304 CROWN POINT AVE, OMAHA, NE",Medical Supply Company Other|Certified Other|Pharmacy,4,4000,4023998444.0
3462,"WALGREEN CO, 13807 ENGLISH VILLA DR, LOUISVILLE, KY",Pharmacy,5,4000,5022542535.0
3463,"THE KROGER CO, 3675 E BROAD ST, WHITEHALL, OH",Pharmacy|Grocery Store,3,2000,6142370963.0
3464,"WALGREEN CO, 5440 N CLARK ST, CHICAGO, IL",Pharmacy,1,2000,7735965022.0
3465,"PUBLIX NORTH CAROLINA, LP, 8315 MAGNOLIA ESTATES DR, CORNELIUS, NC",Pharmacy,5,3000,7048957062.0
3466,"SAMS EAST INC, 6185 RETAIL ROAD, DALLAS, TX",Pharmacy,3,4000,2143822525.0
3467,"FRANKLIN RX INC, 98B N FRANKLIN ST, HEMPSTEAD, NY",Pharmacy,5,3000,3472663331.0
3468,"THE STOP & SHOP SUPERMARKET COMPANY LLC, 691 CO OP CITY BLVD, BRONX, NY",Pharmacy|Grocery Store,3,5000,7188622883.0
3469,"KROGER TEXAS L P, 2709 CROSS TIMBERS RD, FLOWER MOUND, TX",Pharmacy,3,3000,9723551086.0
3470,"THE STOP & SHOP SUPERMARKET COMPANY LLC, 101 MARKET ST SUITE E, NANUET, NY",Pharmacy|Grocery Store,4,5000,8456240659.0
3471,"ANN ARBOR DRUGS, 1948 W STADIUM BLVD, ANN ARBOR, MI",Pharmacy,1,5000,7345637847.0
3472,"HARRIS TEETER LLC, 5920 WEDDINGTON MONROE RD, MATTHEWS, NC",Pharmacy,1,4000,7048430433.0
3473,"PHARMCARE USA OF GREATER PHOENIX, LLC, 4100 E BROADWAY RD, PHOENIX, AZ",Pharmacy,3,3000,6024389301.0
3474,"UNIVERSITY OF TEXAS SOUTHWESTERN MEDICAL CENTER AT DALLAS, 3450 W CAMP WISDOM RD, DALLAS, TX",Pharmacy,2,3000,4693723101.0
3475,"HOOK-SUPERX LLC, 2150 CHESTER BLVD, RICHMOND, IN",Pharmacy,4,5000,7659354650.0
3476,"WAKEEM INC, 2045 FAIRVIEW AVE, EASTON, PA",Medical Supply Company Other|Certified Other|MSC With Prosthetic Personnel|Prosthetic Personnel|Pharmacy,1,4000,6102582311.0
3477,"CVS PHARMACY INC, 301 CHRIS KELLEY BLVD, HUTTO, TX",Pharmacy,1,4000,5128461003.0
3478,"LONGS DRUG STORES CALIFORNIA LLC, 91 1401 FORT WEAVER RD, EWA BEACH, HI",Pharmacy,2,4000,8086855621.0
3479,"WALGREEN CO, 1399 W SAN CARLOS ST, SAN JOSE, CA",Pharmacy,2,4000,4089713098.0
3480,"LONGS DRUG STORES CALIFORNIA LLC, 572 FLETCHER PKWY, EL CAJON, CA",Pharmacy,3,3000,6194403701.0
3481,"DILLON COMPANIES LLC, 8200 S HOLLY ST, CENTENNIAL, CO",Pharmacy|Grocery Store,4,3000,3037794242.0
3482,"MAHASKA COUNTY HOSPITAL, 1229 C AVE E, OSKALOOSA, IA",MSC With Respiratory Therapist|Orthotic Personnel,1,4000,6416723289.0
3483,"WACO OPTICAL INC, 2400 AMBASSADOR DR, WACO, TX",Prosthetic Personnel|Optometrist|Optician,2,2000,2547565771.0
3484,"REGIS HEALTHCARE INC, 2208 FORT CAMPBELL BLVD, HOPKINSVILLE, KY",Pharmacy,1,4000,2708855515.0
3485,"TN DOCTORS OF OPTOMETRY PLLC, 2801 WILMA RUDOLPH BLVD, CLARKSVILLE, TN",Optometrist,1,4000,9315538033.0
3486,"LOBO HOME HEALTH INC, 2001 HENRY ST, GUNTERSVILLE, AL",Medical Supply Company Other|MSC With Respiratory Therapist|MSC With Orthotic Personnel,4,4000,2565821982.0
3487,"SMITHS COUNTRY CLUB DRUG STORE INC, 5114 KAVANAUGH BLVD, LITTLE ROCK, AR",Pharmacy,2,3000,5016634118.0
3488,"WALGREEN CO, 34503 YUCAIPA BLVD, YUCAIPA, CA",Pharmacy,1,4000,9097907464.0
3489,"THRIFTY DRUG STORES INC, 1805 MINNESOTA AVE, BENSON, MN",Pharmacy,2,2000,3208423221.0
3490,"SPARROW COMMUNITY CARE, 326 MORGAN LN, LANSING, MI",Medical Supply Company Other|MSC With Respiratory Therapist|MSC With Orthotic Personnel|Orthotic Personnel,4,2000,5173642115.0
3491,"MARZEL'S INC., 5980 STONERIDGE DR, PLEASANTON, CA",Medical Supply Company Other,2,5000,9252271402.0
3492,"COMMUNITY MEDICAL SUPPLY, INC., 1723 HAWKEYE DR, HIAWATHA, IA",MSC With Respiratory Therapist|Orthotic Personnel,4,5000,3193560202.0
3493,"DISTINCTIVE EYEWEAR LLC, 8501 GOLDEN VALLEY RD, GOLDEN VALLEY, MN",Optician,3,3000,7634167655.0
3494,"FRED MEYER STORES INC, 2041 148TH NEAVE, BELLEVUE, WA",Pharmacy,5,2000,4258658593.0
3495,"WAL-MART STORES EAST LP, 1621 MAIN ST, CHIPLEY, FL",Pharmacy|Optician,2,5000,8506388308.0
3496,"PUBLIX SUPER MARKETS INC, 12165 HIGHWAY 92, WOODSTOCK, GA",Pharmacy,4,5000,7705171606.0
3497,"DILLON COMPANIES LLC, 15250 E MISSISSIPPI AVE, AURORA, CO",Pharmacy|Grocery Store,4,2000,3036718701.0
3498,"YES VITAL RX INC, 1817 SHERIDAN RD, NORTH CHICAGO, IL",Pharmacy,3,5000,2246565797.0
3499,"VISIONWORKS INC, 277 MUNDY ST, WILKES BARRE TOWNSHI, PA",Optician,3,3000,5708291437.0
3500,"WALGREEN CO, 13007 WARWICK BLVD, NEWPORT NEWS, VA",Pharmacy,5,5000,7578821074.0
3501,"S & P PHARMACY CORPORATION, 2029 BATH AVENUE, BROOKLYN, NY",Pharmacy,3,5000,9293339306.0
3502,"MEDICAL SERVICES OF AMERICA INC, 1900 KY ROUTE 321, PRESTONSBURG, KY",Medical Supply Company Other,5,2000,6068868306.0
3503,"PHARMA RX INC, 6806 4TH AVE, BROOKLYN, NY",Pharmacy,4,2000,7187481400.0
3504,"SMITHS FOOD & DRUG CENTERS INC, 4440 E MAIN ST, MESA, AZ",Pharmacy|Grocery Store,1,3000,4802188573.0
3505,"BUCKEYE HOME HEALTH CENTER INC, 950 BAKER HWY, HUNTSVILLE, TN",Medical Supply Company Other|MSC With Respiratory Therapist|MSC With Orthotic Personnel|MSC With Orthotic-Prosthetic|Orthotic Personnel|Prosthetic Personnel,1,5000,4236634663.0
3506,"HANGER PROSTHETICS & ORTHOTICS EAST INC, 6300 BAUM DR, KNOXVILLE, TN",Orthotic Personnel|Prosthetic Personnel,2,4000,8655849309.0
3507,"MYHEALTH AT HOME, LLC, 6357 W 119TH ST, OVERLAND PARK, KS",Medical Supply Company Other|MSC With Respiratory Therapist,3,2000,9139426100.0
3508,"P-COR,LLC, 5500 AUTO CLUB DR, DEARBORN, MI",Optometrist,3,5000,3135628000.0
3509,"WAL-MART STORES EAST LP, 500 ROUTE 38, CHERRY HILL, NJ",Pharmacy|Optician,3,4000,8566657180.0
3510,"WALGREEN CO, 9700 ARGYLE FOREST BLVD, JACKSONVILLE, FL",Pharmacy,5,5000,9047780871.0
3511,"LOCAL RGV DME LLC, 3000 N MCCOLL RD, MCALLEN, TX",Medical Supply Company Other,3,3000,9565988869.0
3512,"TWELFTH ONE, LLC, 2095 S COOPER RD, CHANDLER, AZ",Pharmacy,2,3000,4810000000000.0
3513,"SAMS EAST INC, 300 N CATTLEMEN RD, SARASOTA, FL",Pharmacy,3,5000,9413419524.0
3514,"DHARAJ BROS LLC, 2717 BROWNSVILLE RD, PITTSBURGH, PA",Pharmacy,2,4000,4122060996.0
3515,"HARRIS TEETER LLC, 3638 ROGERS RD, WAKE FOREST, NC",Pharmacy|Grocery Store,2,4000,9195629531.0
3516,"WALGREEN CO, 316 W ASPEN AVE, FRUITA, CO",Pharmacy,2,3000,9708580147.0
3517,"WALGREEN CO, 1911 S FERRY ST, ANOKA, MN",Pharmacy,2,2000,7635760388.0
3518,"HIGHLAND PARK CVS LLC, 1930 W 103RD STREET, CHICAGO, IL",Pharmacy,3,2000,7732397770.0
3519,"DANVILLE MEDICAL INC, 304 E 8TH ST, DANVILLE, AR",Medical Supply Company Other,3,2000,4794957700.0
3520,"WALGREEN CO, 897 MAIN ST, MELROSE, MA",Pharmacy,1,4000,7816651329.0
3521,"FOOD LION LLC, 12420 DILLINGHAM SQ, WOODBRIDGE, VA",Pharmacy|Grocery Store,1,4000,7035808211.0
3522,"WALGREEN CO, 10103 RIDGEGATE PKWY, LONE TREE, CO",Pharmacy,4,2000,3037292719.0
3523,"OHIO CVS STORES LLC, 8372 VINE ST, CINCINNATI, OH",Pharmacy,4,5000,5138217206.0
3524,"LUXOTTICA OF AMERICA INC, 4595 CLAIREMONT DR, SAN DIEGO, CA",Optician,4,5000,8582721051.0
3525,"SHOP RITE OF ENGLEWOOD ASSOCIATES INC, 314 ROUTE 15, WHARTON, NJ",Pharmacy,1,4000,9733619315.0
3526,"ACCESS MEDICAL INC, 3266 GREY HAWK CT, CARLSBAD, CA",Medical Supply Company Other,3,2000,7609292828.0
3527,"WALGREEN CO, 922 E KING AVE, KINGSVILLE, TX",Pharmacy,1,2000,3612219714.0
3528,"ANGELO EYE ASSOCIATES PA, 1721 KNICKERBOCKER RD, SAN ANGELO, TX",Optometrist,4,4000,3260000000000.0
3529,"BULOW BIOTECH PROSTHETICS LLC, 3227E SUNSET BLVD, WEST COLUMBIA, SC",Orthotic Personnel|Prosthetic Personnel,2,3000,8039265519.0
3530,"KROGER LIMITED PARTNERSHIP I, 2627 5TH AVE, HUNTINGTON, WV",Pharmacy|Grocery Store,3,3000,3045296510.0
3531,"GARFIELD BEACH CVS LLC, 102 N MAIN ST, SANTA ANA, CA",Pharmacy,4,2000,7145434025.0
3532,"VONS COMPANIES INC, 3027 RANCHO VISTA BLVD, PALMDALE, CA",Pharmacy|Grocery Store,1,2000,6615752333.0
3533,"WALGREEN CO, 10314 ROOSEVELT AVE, CORONA, NY",Pharmacy,3,3000,7184264271.0
3534,"VALUEPLUS PHARMACY INC, 485 TUCKAHOE RD, YONKERS, NY",Pharmacy,3,5000,9149611185.0
3535,"LORI D. KAM AND STEPHEN K. CHING, O.D.S, 2248 SUNRISE BLVD, RANCHO CORDOVA, CA",Optometrist,3,4000,9166383878.0
3536,"M E C PHARMACY SERVICES INC, 103 E HIGHLAND AVE, SAN BERNARDINO, CA",Pharmacy,2,3000,9098823353.0
3537,"LUXOTTICA OF AMERICA INC, 1620 SARATOGA AVE, SAN JOSE, CA",Optician,1,2000,4083741001.0
3538,"HOOK-SUPERX LLC, 1865 N NATIONAL RD, COLUMBUS, IN",Pharmacy,4,4000,5123766938.0
3539,"WALGREEN CO, 17 GREEN ST, WOODBRIDGE, NJ",Pharmacy,2,3000,7323269782.0
3540,"HEMPSTEAD RX INC, 781 HEMPSTEAD TURNPIKE, FRANKLIN SQUARE, NY",Pharmacy,1,2000,5162263556.0
3541,"PHARMAKEIO INC, 2222 154TH ST, WHITESTONE, NY",Pharmacy,3,5000,7183166881.0
3542,"BEST IN SIGHT FAMILY EYECARE PC, 4900 S ARLINGTON AVE, INDIANAPOLIS, IN",Optometrist|Optician,1,5000,3177824000.0
3543,"DME SCOOTERS AND MORE INC., 100 W ROSEDALE ST, FORT WORTH, TX",Medical Supply Company Other,2,3000,8887760556.0
3544,"RALPHS GROCERY COMPANY, 2201 W REDONDO BEACH BLVD, GARDENA, CA",Pharmacy|Grocery Store,2,5000,3105389116.0
3545,"WAL-MART STORES EAST LP, 515 W BROAD ST, SMITHVILLE, TN",Pharmacy,3,4000,6152157580.0
3546,"BIONICS ORTHOTICS AND PROSTHETICS INC., 3737 MORAGA AVE, SAN DIEGO, CA",MSC With Orthotic-Prosthetic,1,4000,8582709972.0
3547,"WAL-MART STORES EAST LP, 12700 S. MILITARY TRL, BOYNTON BEACH, FL",Pharmacy,3,5000,5618081095.0
3548,"DEAN RETAIL SERVICES INC, 1300 S CENTURY AVE, WAUNAKEE, WI",Optician,3,3000,6088501650.0
3549,"LINCARE INC, 4301 INTERSTATE DR, MACON, GA",Medical Supply Company Other,4,3000,4784747417.0
3550,"CORNER MEDICAL LLC, 3362 35TH AVE S, FARGO, ND",Medical Supply Company Other|MSC With Respiratory Therapist,5,3000,7635355335.0
3551,"CVS PHARMACY INC, 1301 N SAGINAW BLVD, SAGINAW, TX",Pharmacy,2,4000,8178476918.0
3552,"HOLIDAY CVS LLC, 11890 BISCAYNE BLVD, NORTH MIAMI, FL",Pharmacy,3,2000,3058929422.0
3553,"METROPOLITAN BRACE & LIMB LLC, 87 C NORTH INDUSTRY CT, DEER PARK, NY",Orthotic Personnel|Prosthetic Personnel,3,5000,6314003355.0
3554,"K VA T FOOD STORES INC, 141 TOWN CENTRE DR, CROSSVILLE, TN",Pharmacy,1,5000,9314841368.0
3555,"WAL-MART STORES TEXAS, LLC, 7239 SW LOOP 410, SAN ANTONIO, TX",Pharmacy|Optician,2,3000,2106231171.0
3556,"SAMS EAST INC, 4062 LBJ FWY, DALLAS, TX",Pharmacy,2,3000,9727596492.0
3557,"ALLIANCE REHAB AND MEDICAL EQUIPMENT, 1763 LARKIN WILLIAMS RD, FENTON, MO",Medical Supply Company Other,5,5000,3149427590.0
3558,"WAL-MART STORES EAST LP, 1911 E JACKSON ST, HUGO, OK",Pharmacy,4,5000,5803267541.0
3559,"OSF HEALTHCARE SYSTEM, 5668 E STATE ST, ROCKFORD, IL",Medical Supply Company Other|Orthotic Personnel,3,5000,8153816350.0
3560,"LINCARE INC, 1209 MARTHA BERRY BLVD NW, ROME, GA",Medical Supply Company Other,1,5000,7062900555.0
3561,"WALGREEN CO, 1660 MAIN ST, BUDA, TX",Pharmacy,2,3000,5122952564.0
3562,"MED SOUTHWEST PLLC, 8215 S MINGO RD, TULSA, OK",Optometrist,4,3000,9182527432.0
3563,"AMERICAN DRUG STORES DELAWARE LLC, 1225 E CALGARY AVE, BISMARCK, ND",Pharmacy,2,4000,7012239323.0
3564,"OCHSNER OUTPATIENT AND HOME INFUSION PHARMACY LLC, 4115 JEFFERSON HWY, NEW ORLEANS, LA",Pharmacy,3,4000,5048421900.0
3565,"WALGREEN CO, 15025 N THOMPSON PEAK PKWY, SCOTTSDALE, AZ",Pharmacy,2,3000,4805516429.0
3566,"WALGREEN CO, 11420 S FORTUNA RD, YUMA, AZ",Pharmacy,3,3000,9283421034.0
3567,"WALGREEN CO, 3985 LIMITED PARKWAY, COLUMBUS, OH",Pharmacy,1,2000,3805294024.0
3568,"ALBERTSONS LLC, 301 MARYSVILLE MALL, MARYSVILLE, WA",Pharmacy|Grocery Store,3,2000,3606598952.0
3569,"KCI USA INC, 300 ROXALANA BUSINESS PARK, DUNBAR, WV",Medical Supply Company Other,2,4000,3047666451.0
3570,"WALGREEN CO, 5874 S ARCHER AVE, CHICAGO, IL",Pharmacy,4,4000,7732847419.0
3571,"PUBLIX SUPER MARKETS INC, 741 S ORLANDO AVE, WINTER PARK, FL",Pharmacy,2,4000,4076220309.0
3572,"FAMILY VISION AND EYE CARE PA, 714 G ST, RUPERT, ID",Optometrist,1,2000,2084363455.0
3573,"AHMALL DRUG CORP, 750 FLATBUSH AVE, BROOKLYN, NY",Pharmacy,1,5000,7188565998.0
3574,"OPTUM INFUSION SERVICES 550 LLC, 7167 E KEMPER RD, CINCINNATI, OH",Medical Supply Company Other|Pharmacy,2,2000,5137927080.0
3575,"TENNESSEE CVS PHARMACY LLC, 3030 W STATE STREET, BRISTOL, TN",Pharmacy,5,4000,4237647105.0
3576,"CLARKSON OPTOMETRY INC, 230 N LINDBERGH BLVD, FLORISSANT, MO",Optometrist,3,2000,3149219377.0
3577,"BAKER O & P ENTERPRISES INC, 1819 TROUP HWY, TYLER, TX",Orthotic Personnel|Prosthetic Personnel,1,4000,9035925900.0
3578,"H.E. MOSER CORPORATION, 900S MAIN ST, SALEM, MO",Medical Supply Company Other|Pharmacy,1,2000,5737293300.0
3579,"WALGREEN CO, 3535 MOUNT READ BLVD, ROCHESTER, NY",Pharmacy,4,4000,5853601500.0
3580,"WALGREEN CO, 4950 S US HIGHWAY 1, FORT PIERCE, FL",Pharmacy,1,2000,7724667106.0
3581,"ONCOLOGY SPECIALTIES, P.C., 3601 CCI DR NW, HUNTSVILLE, AL",Pharmacy,1,2000,2563275900.0
3582,"VIRGINIA CVS PHARMACY LLC, 9900 SOWDER VILLAGE SQ, MANASSAS, VA",Pharmacy,3,4000,7032576970.0
3583,"DOC SUPPLY OF WEST TENNESSEE, LLC, 2192 EXPRESS DRIVE, JACKSON, TN",Medical Supply Company Other,3,4000,8003065160.0
3584,"WEIS MARKETS INC, 4525 VALLEY RD., ENOLA, PA",Pharmacy,5,3000,7177324106.0
3585,"PRECISION MEDICAL PRODUCTS, INC., 2217 PLAZA DR, ROCKLIN, CA",Medical Supply Company Other,1,2000,8889636265.0
3586,"SAMS WEST INC, 1459 N DYSART RD, AVONDALE, AZ",Pharmacy|Optician,2,5000,6238823871.0
3587,"PHARMACY CORPORATION OF AMERICA, 8431 GARVEY DR, RALEIGH, NC",Pharmacy,2,2000,8778446323.0
3588,"CVS ALBANY LLC, 1178 WANTAGH AVE, WANTAGH, NY",Pharmacy,4,2000,5167835493.0
3589,"CIMA CARE DME, INC, 13301 SW 132ND AVE, MIAMI, FL",Medical Supply Company Other,2,2000,7867324615.0
3590,"MERGEWELL RX INC, 759 WASHINGTON AVE, BROOKLYN, NY",Pharmacy,3,2000,7186383800.0
3591,"HANGER PROSTHETICS & ORTHOTICS EAST INC, 3030 NORTHGATE DR, IOWA CITY, IA",Orthotic Personnel|Prosthetic Personnel,3,2000,3193511112.0
3592,"HOLIDAY CVS LLC, 20019 CORTEZ BLVD, BROOKSVILLE, FL",Pharmacy,1,2000,3527967261.0
3593,"RANDALLS FOOD & DRUGS LP, 2931 CENTRAL CITY AVE, GALVESTON, TX",Pharmacy|Grocery Store,2,5000,4097402488.0
3594,"GARFIELD BEACH CVS LLC, 13200 JAMBOREE RD, IRVINE, CA",Pharmacy,2,5000,7148387433.0
3595,"PINE DRUG INC., 618 S MAIN ST, SANTA ANA, CA",Medical Supply Company Other|Pharmacy,4,5000,7146762078.0
3596,"BRIGHTON PHARMACY II INC, 701 BRIGHTON BEACH AVE, BROOKLYN, NY",Pharmacy,3,2000,5163139894.0
3597,"WALMART INC, 6151 W LAKE MEAD BLVD, LAS VEGAS, NV",Pharmacy,4,4000,7026312040.0
3598,"CVS PHARMACY INC, 61 MAIN ST, HOPKINTON, MA",Pharmacy,1,4000,5085441440.0
3599,"WAL-MART STORES EAST LP, 1850 SW GATLIN BLVD, PORT ST LUCIE, FL",Pharmacy|Optician,2,5000,7723368268.0
3600,"YOGI RX INC, 494 ROCKAWAY PKWY, BROOKLYN, NY",Pharmacy,1,5000,7184856923.0
3601,"PNEUCARE LLC, 1115 GEMINI ST, HOUSTON, TX",MSC With Respiratory Therapist,5,3000,2815326107.0
3602,"OHIO CVS STORES LLC, 4121 MONROE STREET, TOLEDO, OH",Pharmacy,4,5000,4194754148.0
3603,"WALGREEN CO, 60 BANK ST, WATERBURY, CT",Pharmacy,3,2000,2037531116.0
3604,"WALMART INC, 5037 E BRUNDAGE LN, BAKERSFIELD, CA",Pharmacy,1,2000,6614488148.0
3605,"PUBLIX SUPER MARKETS INC, 3540 SE FEDERAL HWY, STUART, FL",Pharmacy,4,2000,7724036608.0
3606,"LUXOTTICA OF AMERICA INC, 1101 MELBOURNE RD, HURST, TX",Optician,1,2000,8172844774.0
3607,"WALGREEN CO, 1903 STATE ROAD 60 E, LAKE WALES, FL",Pharmacy,2,3000,8636769496.0
3608,"HARMON CITY INC, 1189 E 700 S, ST GEORGE, UT",Pharmacy,1,3000,4356282824.0
3609,"WALGREEN CO, 10000 BUSTLETON AVE, PHILADELPHIA, PA",Pharmacy,3,5000,2156981878.0
3610,"WALGREEN CO, 4470 ROYAL PINE DR, COLORADO SPRINGS, CO",Pharmacy,4,4000,7194454160.0
3611,"GEORGIA CVS PHARMACY, L.L.C., 1027 S MAIN ST, MOULTRIE, GA",Pharmacy,4,2000,2299852282.0
3612,"KANSAS CITY FOOT AND ANKLE PC, 1010 CARONDELET DR, KANSAS CITY, MO",Orthotic Personnel|Prosthetic Personnel,5,5000,8169431111.0
3613,"THE GOLUB CORPORATION, 15 PARK AVE, CLIFTON PARK, NY",Pharmacy,2,5000,5183738378.0
3614,"PARAS DRUGS INC, 124 DURHAM AVE, SOUTH PLAINFIELD, NJ",Pharmacy,2,5000,9085488224.0
3615,"WALGREEN CO, 1332 WEST AVE, OCEAN CITY, NJ",Pharmacy,4,2000,6088141954.0
3616,"DIABETES MANAGEMENT AND SUPPLIES, 2 COMMERCE CT, NEW ORLEANS, LA",Medical Supply Company Other|Pharmacy,4,2000,8887387929.0
3617,"PENNSYLVANIA CVS PHARMACY LLC, 906 W LEESPORT RD, LEESPORT, PA",Pharmacy,3,3000,6102088612.0
3618,"WALGREEN CO, 295 MAIN ST, MANCHESTER, CT",Pharmacy,4,5000,8606498747.0
3619,"WALGREEN CO, 243 CHAUNCY ST, MANSFIELD, MA",Pharmacy,3,4000,5083378800.0
3620,"KLINGENSMITH DRUG INC, 316 1ST AVE, KITTANNING, PA",Pharmacy,1,2000,7245485500.0
3621,"LONGS DRUG STORES CALIFORNIA LLC, 333 ACADEMY AVE, SANGER, CA",Pharmacy,1,3000,5598752044.0
3622,"FORDHAM DRUGS INC, 470 E FORDHAM RD, BRONX, NY",Pharmacy,4,4000,9178014700.0
3623,"LIFE PHARMACY INC, 4301 14TH AVE, BROOKLYN, NY",Pharmacy,4,3000,7184381421.0
3624,"WALGREEN CO, 1483 STATE RT 23, KINNELON, NJ",Pharmacy,3,2000,9738384444.0
3625,"GARFIELD BEACH CVS LLC, 1250 E PACIFIC COAST HWY, LONG BEACH, CA",Pharmacy,2,5000,5622180080.0
3626,"WALGREEN CO, 3300 CENTER ST, DEER PARK, TX",Pharmacy,4,3000,2814793488.0
3627,"CVS PHARMACY INC, 67 D MAIN ST, MEDWAY, MA",Pharmacy,1,4000,5085336771.0
3628,"LANE DRUG CO, 3013 MONROE ST, TOLEDO, OH",Pharmacy,2,4000,4192439803.0
3629,"COLONIAL PHARMACY INC, 1915 N CLEVELAND MASSILLON RD, BATH, OH",Pharmacy,2,3000,3306663569.0
3630,"PICKER PHARMACY INC., 18 ATLANTIC AVE, LYNBROOK, NY",Pharmacy,3,2000,5165990079.0
3631,"ACS MEDICAL LLC, 5105 CENTRAL PARK DR, LINCOLN, NE",Medical Supply Company Other,2,4000,4024671014.0
3632,"THE GIANT COMPANY LLC, 3301 TRINDLE RD, CAMP HILL, PA",Pharmacy|Grocery Store,2,4000,7177241170.0
3633,"WALMART INC, 2300 S DOUGLAS HWY, GILLETTE, WY",Pharmacy|Optician,2,4000,3076865166.0
3634,"HY-VEE INC, 2920 FITCHRONA RD, FITCHBURG, WI",Pharmacy,3,3000,6082735122.0
3635,"SAFEWAY INC, 1 CAMINO ALTO, MILL VALLEY, CA",Pharmacy|Grocery Store,3,5000,4153882701.0
3636,"WALGREEN CO, 15 BOLTON ST, READING, MA",Pharmacy,1,2000,7819425810.0
3637,"YOU FIRST PHARMACY INC, 7216 AUSTIN ST, FOREST HILLS, NY",Pharmacy,5,3000,7185443200.0
3638,"KROGER LIMITED PARTNERSHIP I, 7087 HIGHWAY 70 S, BELLEVUE, TN",Pharmacy|Grocery Store,4,2000,6156621333.0
3639,"CVS PHARMACY INC, 19 SUMMER ST, BRIDGEWATER, MA",Pharmacy,1,5000,5086976946.0
3640,"RONSTIN INC, 7119 SEVILLE AVE, HUNTINGTON PARK, CA",Certified Other|Pharmacy,4,5000,3235825171.0
3641,"WYOMISSING OPTOMETRIC CENTER, INC., 50 BERKSHIRE CT, WYOMISSING, PA",Optometrist,3,2000,6103743134.0
3642,"LINCARE INC, 9440 PHILIPS HWY, JACKSONVILLE, FL",Medical Supply Company Other,3,4000,9042888188.0
3643,"VISIONWORKS INC, 247 N POTTSTOWN PIKE, EXTON, PA",Optician,3,5000,6105941737.0
3644,"FLORIDA EYE ASSOCIATES INC, 5510 MURRELL RD, MELBOURNE, FL",Optometrist,2,5000,3217272020.0
3645,"OHIO CVS STORES LLC, 443 CLEVELAND ST, ELYRIA, OH",Pharmacy,4,5000,4403657162.0
3646,"THE BARTELL DRUG CO, 1407 BROADWAY, SEATTLE, WA",Pharmacy,4,3000,2067263495.0
3647,"PRO2 LLC, 3586 CALIFORNIA RD, ORCHARD PARK, NY",Medical Supply Company Other|MSC With Respiratory Therapist,2,2000,7166679600.0
3648,"WALGREEN CO, 302 CANTON RD, AKRON, OH",Pharmacy,2,4000,3307334237.0
3649,"WAL-MART STORES EAST LP, 1425 NE 163RD ST, NORTH MIAMI BEACH, FL",Pharmacy|Optician,5,3000,3059495451.0
3650,"CALMONT PHARMACY INC, 2800N CALIFORNIA ST 9, STOCKTON, CA",Pharmacy,3,5000,2099437676.0
3651,"WALGREEN CO, 868 FORDING ISLAND RD, BLUFFTON, SC",Pharmacy,1,5000,8438159953.0
3652,"OSS ORTHOPAEDIC HOSPITAL LLC, 1926 GOOD HOPE RD, ENOLA, PA",MSC With Orthotic-Prosthetic|Orthotic Personnel,4,2000,7178484800.0
3653,"CAPRO SOLUTIONS LLC, 16 NEW KARNER RD, GUILDERLAND, NY",Orthotic Personnel|Prosthetic Personnel,2,3000,5184561145.0
3654,"OREGON HEALTH & SCIENCE UNIVERSITY, 4411 SW VERMONT ST, PORTLAND, OR",Pharmacy,4,2000,5034942098.0
3655,"LUXOTTICA OF AMERICA INC, 8201 S TAMIAMI TRL, SARASOTA, FL",Optician,1,3000,9419214300.0
3656,"HANGER PROSTHETICS & ORTHOTICS INC, 923 S RIVER RD, ST GEORGE, UT",Orthotic Personnel|Prosthetic Personnel,1,3000,4356736449.0
3657,"WALGREEN CO, 3101 NEW BERN AVE, RALEIGH, NC",Pharmacy,2,4000,9192315074.0
3658,"WASHINGTON CVS PHARMACY LLC, 2201 S COMMONS, FEDERAL WAY, WA",Pharmacy,5,5000,2537337521.0
3659,"ASSOCIATED EYE CARE OPTICAL LLC, 2950 CURVE CREST BLVD W, STILLWATER, MN",Optician,1,4000,6512753000.0
3660,"KROGER LIMITED PARTNERSHIP I, 2631 16TH ST, BEDFORD, IN",Pharmacy|Grocery Store,4,2000,8122758167.0
3661,"WALGREEN CO, 1 POCASSET AVE, PROVIDENCE, RI",Pharmacy,2,4000,4014646501.0
3662,"CVS PHARMACY INC, 1910 BOB BULLOCK LOOP, LAREDO, TX",Pharmacy,2,5000,9567183236.0
3663,"WAL-MART STORES EAST LP, 2140 BLOOMINGDALE AVE, VALRICO, FL",Pharmacy|Optician,4,2000,8136816481.0
3664,"BERKELEY MEDICAL EQUIPMENT INC, 4154 NW BARRY RD, KANSAS CITY, MO",Medical Supply Company Other,1,5000,9132255930.0
3665,"DIABLO PROSTHETICS & ORTHOTICS INC., 2157 COUNTRY HILLS DR, ANTIOCH, CA",Orthotic Personnel|Prosthetic Personnel,4,2000,9257559507.0
3666,"INFUSION PARTNERS LLC, 3315 CENTENNIAL RD, SYLVANIA, OH",Pharmacy,4,4000,4198432100.0
3667,"5 STAR MEDICAL INC, 1809 THOMAS RD, MEMPHIS, TN",Medical Supply Company Other,3,3000,9013738739.0
3668,"NORWALK EYE CARE LLC, 5 EVERSLEY AVE, NORWALK, CT",Optometrist,1,3000,2038531010.0
3669,"LOUISIANA CVS PHARMACY LLC, 2105 CLEARY AVE, METAIRIE, LA",Pharmacy,2,5000,5048838186.0
3670,"WALGREEN CO, 335 PRAIRIE AVE, PROVIDENCE, RI",Pharmacy,2,2000,4017814325.0
3671,"WAVERLY MARKETS, LLC, 214 SPENCER ST, MANCHESTER, CT",Pharmacy|Grocery Store,5,4000,8606453244.0
3672,"LUXOTTICA OF AMERICA INC, 7630 BLAKE ST, LIBERTY TWP, OH",Optician,1,4000,5137125064.0
3673,"GARFIELD BEACH CVS LLC, 155 PACIFIC COAST HWY, HERMOSA BEACH, CA",Pharmacy,2,4000,3103724345.0
3674,"BRADLEY OPTOMETRY INC, 1160 LIVE OAK BLVD, YUBA CITY, CA",Optometrist,4,4000,5306738440.0
3675,"SHAWS SUPERMARKETS INC, 25 ROBERT TONER BLVD, NORTH ATTLEBORO, MA",Pharmacy|Grocery Store,2,4000,5086430312.0
3676,"MARYLAND CVS PHARMACY LLC., 6831 WISCONSIN AVE, CHEVY CHASE, MD",Pharmacy,1,3000,3012157982.0
3677,"PARKVIEW HOSPITAL INC, 1450 PRODUCTION RD, FORT WAYNE, IN",Pharmacy,5,3000,2603739775.0
3678,"WALGREEN CO, 1810 30TH AVE, KENOSHA, WI",Pharmacy,4,3000,2625518812.0
3679,"BLEEDING DISORDERS RESOURCE NETWORK, LLC, 4 STEWART CT, DENVILLE, NJ",Pharmacy,4,3000,9735139031.0
3680,"DILLON COMPANIES LLC, 11747 W KEN CARYL AVE, LITTLETON, CO",Pharmacy|Grocery Store,1,3000,3039335119.0
3681,"WALGREEN CO, 33333 6 MILE RD, LIVONIA, MI",Pharmacy,3,4000,7345135078.0
3682,"WEIS MARKETS INC, 10825 BIRMINGHAM WAY, WOODSTOCK, MD",Pharmacy|Grocery Store,2,5000,4104617547.0
3683,"MISSISSIPPI CVS PHARMACY LLC, 401 HIGHWAY 12 E, STARKVILLE, MS",Pharmacy,3,2000,6626156033.0
3684,"GARFIELD BEACH CVS LLC, 10861 WEYBURN AVE, LOS ANGELES, CA",Pharmacy,2,2000,3108932361.0
3685,"HANGER PROSTHETICS & ORTHOTICS WEST INC, 3650 E SOUTH ST, LAKEWOOD, CA",Prosthetic Personnel,4,2000,5622068025.0
3686,"KROGER LIMITED PARTNERSHIP I, 1661 BYPASS 1958, WINCHESTER, KY",Pharmacy|Grocery Store,3,5000,8597450802.0
3687,"CONTINUUM LLC, 1389 SW GATLIN BLVD, PORT SAINT LUCIE, FL",Medical Supply Company Other,4,4000,8003441550.0
3688,"WAL-MART STORES EAST LP, 10600 W LAYTON AVE, GREENFIELD, WI",Pharmacy|Optician,4,4000,4145294699.0
3689,"PRIME MEDICAL SOLUTION LLC, 570 1ST ST SE, SAINT CLOUD, MN",Medical Supply Company Other,3,4000,3204970726.0
3690,"WALGREEN CO, 1203 EASTERN AVE, SCHENECTADY, NY",Pharmacy,4,2000,5183934549.0
3691,"DARAH MEDICAL EQUIPMENT AND SUPPLIES LLC, 6465 WHEATSTONE CT, MAUMEE, OH",Medical Supply Company Other,2,4000,8445527867.0
3692,"WALGREEN CO, 4097 RYAN ST, LAKE CHARLES, LA",Pharmacy,5,4000,3374740434.0
3693,"VIRGINIA CVS PHARMACY LLC, 11290 W BROAD ST, GLEN ALLEN, VA",Pharmacy,1,4000,8043608912.0
3694,"WALGREEN CO, 2134 BUNKER LAKE BLVD NW, ANDOVER, MN",Pharmacy,3,5000,7637546409.0
3695,"TAM T TRAN, 696 E SANTA CLARA ST, SAN JOSE, CA",Orthotic Personnel|Prosthetic Personnel,1,4000,4089930382.0
3696,"CAROLINAS HOMETOWN RESPIRATORY LLC, 10860 PARK RD, PINEVILLE, NC",MSC With Respiratory Therapist,5,3000,8888770202.0
3697,"VITAL PEAK MEDICAL SUPPLIES LLC, 10000 N 31ST AVE, PHOENIX, AZ",MSC With Orthotic Personnel,2,4000,8333407037.0
3698,"REGIONAL EYECARE CENTER, INC., 1749 INDEPENDENCE ST, CAPE GIRARDEAU, MO",Optometrist,2,5000,5733353937.0
3699,"WALGREEN CO, 587 MILLBURN AVE, SHORT HILLS, NJ",Pharmacy,2,4000,9733760137.0
3700,"WAL-MART STORES EAST LP, 2406 W ROOSEVELT BLVD, MONROE, NC",Pharmacy|Optician,2,4000,7042895441.0
3701,"GARFIELD BEACH CVS LLC, 5944 N FIGUEROA ST, LOS ANGELES, CA",Pharmacy,1,5000,3234788310.0
3702,"IOWA CVS PHARMACY LLC, 3450 4TH ST SW, MASON CITY, IA",Pharmacy,4,3000,6414231325.0
3703,"MEDICAL MART, INC., 623 N PORTER AVE, NORMAN, OK",Medical Supply Company Other|Orthotic Personnel,2,3000,4056377125.0
3704,"MISSOURI CVS PHARMACY LLC, 315 W 75TH ST, KANSAS CITY, MO",Pharmacy,3,4000,8163614639.0
3705,"NORTHWOOD INC, 25790 COMMERCE DR, MADISON HEIGHTS, MI",MSC With Respiratory Therapist,3,2000,8009193942.0
3706,"MAP PHARMACY INC, 984 N BROADWAY, YONKERS, NY",Pharmacy,3,3000,9147515432.0
3707,"OCHSNER HOME MEDICAL EQUIPMENT, LLC, 501 COOLIDGE ST, NEW ORLEANS, LA",Medical Supply Company Other|MSC With Respiratory Therapist,1,3000,5048425531.0
3708,"GARFIELD BEACH CVS LLC, 1925 DOUGLAS BLVD, ROSEVILLE, CA",Pharmacy,3,4000,9167868992.0
3709,"VIRGINIA CVS PHARMACY LLC, 4310 FORTUNA CENTER PLZ, DUMFRIES, VA",Pharmacy,4,2000,7055866132.0
3710,"SBSC 2 LLC, 7119 5TH AVE, BROOKLYN, NY",Pharmacy,2,5000,7187457119.0
3711,"SEES THE DAY LTD, 7150 VALLEY CREEK PLZ, WOODBURY, MN",Optometrist|Optician,4,2000,6517384886.0
3712,"WALGREEN CO, 2615 BURNSED BLVD, THE VILLAGES, FL",Pharmacy,4,4000,3526434067.0
3713,"AMERICAN DRUG STORES LLC, 140 W LAKE ST, ADDISON, IL",Pharmacy,3,4000,6306286904.0
3714,"WALGREEN CO, 508 STEVE DR, RUSSELL SPRINGS, KY",Pharmacy,2,4000,2708662226.0
3715,"SAFEWAY INC, 104 MID VALLEY CTR, CARMEL, CA",Pharmacy|Grocery Store,4,4000,8316241620.0
3716,"CVS PHARMACY INC, 500 N GALLOWAY AVE, MESQUITE, TX",Pharmacy,1,2000,9722884485.0
3717,"THE GIANT COMPANY LLC, 1570 OAKLAND AVE, INDIANA, PA",Pharmacy|Grocery Store,5,4000,7244655943.0
3718,"MASPETH DRUGS INC, 7111 GRAND AVE, MASPETH, NY",Pharmacy,4,2000,7182556700.0
3719,"MEMORIAL SLOAN KETTERING CANCER CENTER, 500 WESTCHESTER AVENUE, WEST HARRISON, NY",Pharmacy,2,4000,9143677016.0
3720,"WALGREEN CO, 4607 VETERANS MEMORIAL BLVD, METAIRIE, LA",Pharmacy,3,2000,5044574075.0
3721,"KROGER TEXAS L P, 515 S MACARTHUR BLVD, IRVING, TX",Pharmacy,3,2000,9722549105.0
3722,"WAL-MART STORES EAST LP, 1471 E OSCEOLA PKWY, KISSIMMEE, FL",Pharmacy|Optician,4,2000,4078702235.0
3723,"ENTRAMED INC, 27905 COMMERCIAL PARK RD, TOMBALL, TX",Medical Supply Company Other,2,4000,7139552123.0
3724,"GEORGIA CVS PHARMACY, L.L.C., 100 PERIMETER CENTER PL NE, ATLANTA, GA",Pharmacy,3,3000,6782590889.0
3725,"LINCARE INC, 1613 W NORRIS DR, OTTAWA, IL",Medical Supply Company Other,3,2000,8154331281.0
3726,"HY-VEE INC, 3504 CLINTON PKWY, LAWRENCE, KS",Pharmacy|Grocery Store,3,4000,7858320110.0
3727,"MBG PHARMACY CORP, 119 CHURCH AVE, BROOKLYN, NY",Pharmacy,4,5000,7186867343.0
3728,"MIDWESTERN MOBILITY LLC, 816 N SELTZER ST, CRESTLINE, OH",MSC With Orthotic-Prosthetic,4,3000,4193129489.0
3729,"VISIONWORKS INC, 1826 S SIGNAL BUTTE RD, MESA, AZ",Optician,4,3000,4803549504.0
3730,"923 RX INC, 524 MORRIS AVE, BRONX, NY",Pharmacy,3,2000,7184016799.0
3731,"PEACHLAND MEDICAL SUPPLY INC, 1001 VIRGINIA AVE, HAPEVILLE, GA",Medical Supply Company Other,4,4000,4047486071.0
3732,"WAL-MART STORES EAST LP, 254 LOWELL RD, HUDSON, NH",Pharmacy,1,5000,6035984638.0
3733,"WALGREEN CO, 1116 BOSTON POST RD, GUILFORD, CT",Pharmacy,5,3000,2034531619.0
3734,"WAL-MART STORES EAST LP, 1002 N SPENCE AVE, GOLDSBORO, NC",Pharmacy,3,5000,9197783238.0
3735,"WALMART INC, 1550 LEUCADIA BLVD, ENCINITAS, CA",Pharmacy,4,4000,7607040259.0
3736,"TERRE HAUTE HOME HEALTH CARE PRODUCTS INC, 4411 S 7TH ST, TERRE HAUTE, IN",Medical Supply Company Other|MSC With Respiratory Therapist,1,5000,8122346084.0
3737,"HY-VEE INC, 1307 E NORTH AVE, BELTON, MO",Pharmacy|Grocery Store,1,3000,8163180404.0
3738,"LUNA PARK PHARMACY INC, 2875 W 8TH ST, BROOKLYN, NY",Pharmacy,2,5000,7189465444.0
3739,"SAINT MARYS HOME INFUSION PROGRAM, 360 DIVISION AVE S, GRAND RAPIDS, MI",Certified Other|Pharmacy,1,5000,6166851111.0
3740,"SMITHS FOOD & DRUG CENTERS INC, 6321 E GREENWAY RD, SCOTTSDALE, AZ",Pharmacy|Grocery Store,1,2000,4803688940.0
3741,"KROGER LIMITED PARTNERSHIP I, 7450 FISHERS STATION DR, FISHERS, IN",Pharmacy|Grocery Store,3,4000,3175790209.0
3742,"HOLIDAY CVS LLC, 3771 S CLYDE MORRIS BLVD, PORT ORANGE, FL",Pharmacy,3,2000,3867634850.0
3743,"VIZMEDICA LLC, 261 OLD YORK ROAD, JENKINTOWN, PA",Medical Supply Company Other,4,5000,8008361650.0
3744,"PREFERRED HOME HEALTH CARE & NURSING SERVICES INC, 3 COMPUTER DR W, ALBANY, NY",MSC With Respiratory Therapist,4,3000,9787389800.0
3745,"TORRANCE PHARMACY INC, 23600 TELO AVE, TORRANCE, CA",Pharmacy,4,2000,4242501701.0
3746,"ARDEN DRUGS INC, 435 ARDEN AVE, GLENDALE, CA",Pharmacy,3,4000,8182471842.0
3747,"FAMILY PHARMACY INC, 291 CENTRAL AVE, JERSEY CITY, NJ",Pharmacy,5,5000,2014207737.0
3748,"WALGREEN CO, 11001 S EASTERN AVE, HENDERSON, NV",Pharmacy,2,3000,7029488355.0
3749,"BOOZER EYECARE ASSOCIATES, P.C., 1693 FIELD OF MIRACLES DR, CULLMAN, AL",Optometrist,1,5000,2567394000.0
3750,"GERMAN DOBSON CVS, L.L.C., 15444 N FRANK LLOYD WRIGHT BLVD, SCOTTSDALE, AZ",Pharmacy,1,4000,4808600219.0
3751,"FRED MEYER STORES INC, 17404 MERIDIAN E, PUYALLUP, WA",Pharmacy|Grocery Store,4,3000,2534457873.0
3752,"KROGER LIMITED PARTNERSHIP I, 106 MCGRAW STREET, RIPLEY, WV",Pharmacy|Grocery Store,2,3000,3043725292.0
3753,"GARFIELD BEACH CVS LLC, 5735 E LA PALMA AVE, ANAHEIM, CA",Pharmacy,3,5000,7147792483.0
3754,"CVS PHARMACY INC, 1400 S HAVANA ST, AURORA, CO",Pharmacy,4,3000,3037556614.0
3755,"CVS PHARMACY INC, 532 MEDFORD ST, SOMERVILLE, MA",Pharmacy,2,5000,6176281401.0
3756,"PALMETTO FAMILY PHARMACY, 1030 OAKLAND AVENUE, ROCK HILL, SC",Pharmacy,2,3000,8039807272.0
3757,"WALGREEN CO, 7200 CEDAR LAKE RD S, ST LOUIS PARK, MN",Pharmacy,1,4000,9522522502.0
3758,"JOSEPH KRAMER INC, 309 SAINT ANNS AVE, BRONX, NY",Pharmacy,2,4000,7189931488.0
3759,"ALBERT EINSTEIN MEDICAL CENTER, 9880 BUSTLETON AVE, PHILADELPHIA, PA",Pharmacy,2,4000,2158271680.0
3760,"NEW JERSEY CVS PHARMACY LLC, 4 RYAN RD, MARLBORO, NJ",Pharmacy,1,4000,7324318700.0
3761,"WELLNESS RX LLC, 7640 NW 25TH ST, MIAMI, FL",Pharmacy,4,3000,3053847600.0
3762,"GOLDEN VALLEY MEDICAL & OXYGEN SERVICE, 424 W HIGHLAND AVE, SAN BERNARDINO, CA",Medical Supply Company Other,5,4000,9098840445.0
3763,"RAMOS PROSTHETICS & PEDORTHICS, 8519 CALLAGHAN RD, SAN ANTONIO, TX",Prosthetic Personnel,1,4000,2103402181.0
3764,"WALGREEN CO, 101 GOFF MOUNTAIN RD, CROSS LANES, WV",Pharmacy,4,3000,3047690590.0
3765,"UNITED SEATING AND MOBILITY LLC, 4500 E SPEEDWAY BLVD, TUCSON, AZ",Medical Supply Company Other,4,2000,5203234496.0
3766,"WALGREEN CO, 5913 CARSON ST, LAKEWOOD, CA",Pharmacy,2,5000,5624299120.0
3767,"WALGREEN CO, 625 W PERSHING RD, DECATUR, IL",Pharmacy,4,3000,2178752751.0
3768,"LONGS DRUG STORES CALIFORNIA LLC, 2780 ESPLANADE, CHICO, CA",Pharmacy,3,2000,5303459009.0
3769,"GEORGIA CVS PHARMACY, L.L.C., 603 CANTON HWY, CUMMING, GA",Pharmacy,2,5000,7708877771.0
3770,"WALMART INC, 100 S HIGH CROSS RD, URBANA, IL",Pharmacy|Optician,2,3000,2173446190.0
3771,"HOLIDAY CVS LLC, 130 E STATE ROAD 434, LONGWOOD, FL",Pharmacy,2,2000,4073328384.0
3772,"WALGREEN CO, 261 W TOWNLINE RD, VERNON HILLS, IL",Pharmacy,3,5000,8473674652.0
3773,"18 PHARMACY INC, 89 BOWERY, NEW YORK, NY",Pharmacy,3,5000,2125710027.0
3774,"KROGER LIMITED PARTNERSHIP I, 1060 CHINOE RD, LEXINGTON, KY",Pharmacy|Grocery Store,3,3000,8593352380.0
3775,"HIGHLAND PARK CVS LLC, 1041 W ADDISON ST, CHICAGO, IL",Pharmacy,2,3000,7736876364.0
3776,"WALGREEN CO, 925 ORANGE AVE, CORONADO, CA",Pharmacy,4,5000,6194356354.0
3777,"FLORIDA O & P SERVICES INC, 1555 KINGSLEY AVE, ORANGE PARK, FL",Orthotic Personnel|Prosthetic Personnel,5,3000,9042787025.0
3778,"SIMPLY YOU INC, 4701 OGLETOWN STANTON RD, NEWARK, DE",MSC With Prosthetic Personnel,5,2000,3023683686.0
3779,"143 PHARMACY INC, 14320 SANFORD AVE, FLUSHING, NY",Pharmacy,3,3000,3475060066.0
3780,"PUBLIX SUPER MARKETS INC, 12139 W LINEBAUGH AVE, TAMPA, FL",Pharmacy,3,4000,8138140738.0
3781,"WALMART INC, 2801 COMMERCE DR, CORALVILLE, IA",Pharmacy|Optician,4,2000,3195456412.0
3782,"ROLL STRONG LLC, 2550 NW 72ND AVE, MIAMI, FL",Medical Supply Company Other,3,3000,7865367975.0
3783,"LINCARE INC, 3113 RYAN ST, LAKE CHARLES, LA",Medical Supply Company Other,3,3000,3374919999.0
3784,"HEALTHY HAPPY PHARMACY INC, 4313 MAIN ST, FLUSHING, NY",Pharmacy,1,5000,7183218381.0
3785,"SAENZ MEDICAL PHARMACY NOLANA, INC, 801 E NOLANA AVE, MCALLEN, TX",Orthotic Personnel|Prosthetic Personnel|Pharmacy,2,3000,9566872500.0
3786,"WAL-MART STORES EAST LP, 1720 E LITTLE CREEK RD, NORFOLK, VA",Pharmacy,4,4000,7575885241.0
3787,"PRESCRIPTION LENS, INC, 320 S CHURCH ST, JONESBORO, AR",Optician,5,4000,8709721818.0
3788,"UNITED SEATING AND MOBILITY LLC, 310 HURRICANE LN, WILLISTON, VT",Medical Supply Company Other,4,3000,8029922121.0
3789,"VIRGINIA CVS PHARMACY LLC, 7529 RICHMOND RD, WILLIAMSBURG, VA",Pharmacy,1,3000,7572597892.0
3790,"NORTHWEST MEDICAL, LLC., 17933 NW EVERGREEN PL, BEAVERTON, OR",Medical Supply Company Other|MSC With Respiratory Therapist,1,2000,9712055791.0
3791,"CORNER MEDICAL LLC, 8380 CITY CENTRE DR, WOODBURY, MN",Medical Supply Company Other|MSC With Respiratory Therapist,3,4000,9523880500.0
3792,"CVS PHARMACY INC, 22135 IH-10 W, SAN ANTONIO, TX",Pharmacy,2,2000,2106981643.0
3793,"WILLIAM F HARVEY OD LTD, 815 S 7TH ST, LAS VEGAS, NV",Optometrist|Optician,3,4000,7023841630.0
3794,"WAL-MART STORES EAST LP, 1800 TIDEN RIDGE DR, HAMBURG, PA",Pharmacy|Optician,2,2000,6105624580.0
3795,"WALGREEN CO, 3631 CENTRAL AVE, HOT SPRINGS, AR",Pharmacy,3,4000,5016234377.0
3796,"BIG Y FOODS INC, 79 STONINGTON RD, MYSTIC, CT",Pharmacy,2,5000,8605365835.0
3797,"NORTH CAROLINA CVS PHARMACY LLC, 15 MCKENNA RD, ARDEN, NC",Pharmacy,3,2000,8286871665.0
3798,"BLK INC, 470 SOUTHERN ARTERY, QUINCY, MA",Optician,3,4000,6177737426.0
3799,"HANGER PROSTHETICS & ORTHOTICS WEST INC, 2933 LONG BEACH BLVD, LONG BEACH, CA",Orthotic Personnel|Prosthetic Personnel,1,3000,5629882414.0
3800,"ARIZONA CVS STORES LLC, 4430 E RAY RD, PHOENIX, AZ",Pharmacy,2,3000,4807851006.0
3801,"THE CHILDRENS MERCY HOSPITAL, 700 NW ARGOSY PKWY, RIVERSIDE, MO",Home Health Agency|Pharmacy,4,2000,8168955000.0
3802,"TEXOMA MEDICAL SERVICES INC., 1289 N AIR DEPOT BLVD, MIDWEST CITY, OK",MSC With Orthotic-Prosthetic,1,5000,4057415666.0
3803,"CVS PHARMACY INC, 984 WORCESTER ST, WELLESLEY, MA",Pharmacy,2,3000,7812353555.0
3804,"PARK AVENUE PHARMACY INC, 220 PARK AVE, CHAMBERSBURG, PA",Certified Other|Pharmacy,2,2000,7172647312.0
3805,"FOURROUX PROSTHETICS INC, 6740 REESE RD, MEMPHIS, TN",Prosthetic Personnel,4,2000,9013831827.0
3806,"WALGREEN CO, 1262 LITITZ PIKE, LANCASTER, PA",Pharmacy,1,4000,7172902012.0
3807,"SHERRIE E HOLMAN, 1450 DECATUR PIKE, ATHENS, TN",Optometrist,1,2000,4237443938.0
3808,"WALGREEN CO, 720 MAIN ST, CLINTON, MA",Pharmacy,3,5000,9783683484.0
3809,"EUGENE B GABIANELLI MD & ASSOC LLC, 3800 PLEASANT HILL RD, DULUTH, GA",Optometrist,2,3000,6785840400.0
3810,"R B VISIONS INC, 345 MAIN ST, HUNTINGTON, NY",Optician,5,4000,6314214211.0
3811,"ATLANTIC EYE INSTITUTE, P.A., 3316 3RD ST S, JACKSONVILLE BEACH, FL",Optometrist,1,4000,9042417865.0
3812,"PROCARE PHARMACY LLC, 2101 N URSULA ST UNIT 35, AURORA, CO",Pharmacy,1,2000,8668134547.0
3813,"MARYLAND CVS PHARMACY LLC., 6200 CENTRAL AVENUE, SEAT PLEASANT, MD",Pharmacy,5,4000,3013508008.0
3814,"LONGS DRUG STORES CALIFORNIA LLC, 901 N CARPENTER RD, MODESTO, CA",Pharmacy,1,2000,2095752429.0
3815,"WEIS MARKETS INC, 1201 DUTCHMAN'S CREEK DRIVE, BRUNSWICK, MD",Pharmacy|Grocery Store,4,5000,3018344805.0
3816,"SMITHS FOOD & DRUG CENTERS INC, 7770 E MCDOWELL RD, SCOTTSDALE, AZ",Pharmacy|Grocery Store,2,3000,4809414704.0
3817,"WALGREEN CO, 5506 S DUPONT HWY, DOVER, DE",Pharmacy,1,5000,3026986320.0
3818,"WAL-MART STORES EAST LP, 1000 GRAVES ST, CHILLICOTHE, MO",Pharmacy|Optician,4,4000,6606466550.0
3819,"SERENITY MEDICAL SUPPLY LLC, 88 INDUSTRIAL CT, FREEHOLD, NJ",Medical Supply Company Other,3,2000,8488636468.0
3820,"DILLON COMPANIES LLC, 1015 S TAFT HILL RD, FORT COLLINS, CO",Pharmacy,4,2000,9702214940.0
3821,"OCHSNER PHARMACY AND WELLNESS LLC, 1514 JEFFERSON HWY, NEW ORLEANS, LA",Pharmacy,5,4000,5048423205.0
3822,"EXPRESS PHARMACY INC, 1108 LIBERTY AVE, BROOKLYN, NY",Pharmacy,3,2000,7188277528.0
3823,"CAPE PROSTHETICS-ORTHOTICS, INC., 3436A MCKELVEY RD, BRIDGETON, MO",Orthotic Personnel|Prosthetic Personnel,2,2000,3142311156.0
3824,"SECOND TO NATURE BOUTIQUE, LLC, 4123 LAWNDALE DR, GREENSBORO, NC",Prosthetic Personnel,2,4000,3362742003.0
3825,"CVS ALBANY LLC, 578 AVIATION RD STE 1S, QUEENSBURY, NY",Pharmacy,5,5000,5187927583.0
3826,"WALGREEN CO, 181 W HURON AVE, VASSAR, MI",Pharmacy,1,2000,9898239200.0
3827,"SOUTH TEXAS MONITORING SYSTEMS LLC, 1305 E NOLANA AVE, MCALLEN, TX",MSC With Respiratory Therapist,4,4000,9566184900.0
3828,"CVS ALBANY LLC, 27N 6TH ST, BROOKLYN, NY",Pharmacy,2,2000,7183882799.0
3829,"LENS MART INC, 323 E US HIGHWAY 54, CAMDENTON, MO",Optometrist|Optician,2,3000,5733467899.0
3830,"AMIN PHARMACY INC., 2903 36TH AVE, LONG ISLAND CITY, NY",Pharmacy,5,5000,7187866611.0
3831,"WAL-MART STORES EAST LP, 301 FALLS BLVD, QUINCY, MA",Pharmacy|Optician,5,4000,6177454393.0
3832,"OCALA EYE OPTICAL, INC., 1556 BELLA CRUZ DR, THE VILLAGES, FL",Optician,3,2000,3526225183.0
3833,"BESTCARE PHARMACY INC, 5317 BEACH BLVD, BUENA PARK, CA",Pharmacy,5,4000,7150000000000000.0
3834,"ROUNDYS SUPERMARKETS INC, 9504 W 142ND ST, ORLAND PARK, IL",Pharmacy,3,4000,7082260027.0
3835,"KROGER LIMITED PARTNERSHIP I, 2620 W MAIN ST, AMELIA, OH",Pharmacy|Grocery Store,5,2000,5137182220.0
3836,"HOLIDAY CVS LLC, 1201 BRICKELL AVE, MIAMI, FL",Pharmacy,4,2000,3053587577.0
3837,"PRESCRIPTION SHOPPE LLC, 550 NEWARK AVE 101, JERSEY CITY, NJ",Pharmacy,2,2000,2013600600.0
3838,"WALGREEN CO, 8011 ELIOT AVE, MIDDLE VILLAGE, NY",Pharmacy,4,4000,7185058192.0
3839,"OCHSNER PHARMACY AND WELLNESS LLC, 11200 INDUSTRIPLEX BLVD, BATON ROUGE, LA",Pharmacy,3,2000,2253886200.0
3840,"LAKE REGIONAL MEDICAL MANAGEMENT INC, 416B S MAPLE ST, ELDON, MO",Pharmacy,2,5000,5735572231.0
3841,"MED SOUTHWEST PLLC, 2304 JUDSON RD, LONGVIEW, TX",Optometrist,2,3000,9037589090.0
3842,"ALLEGHENY ADVANCED CHIROPRACTIC LLC, 4160 WASHINGTON RD, CANONSBURG, PA",Medical Supply Company Other,3,3000,7249427660.0
3843,"NEFF-MERION ENTERPRISES INC, 338-40 MONTGOMERY AVE, MERION STATION, PA",Pharmacy,5,4000,6106644815.0
3844,"WALGREEN CO, 2360 HIGHWAY 95, BULLHEAD CITY, AZ",Pharmacy,3,5000,9287635858.0
3845,"LUXOTTICA OF AMERICA INC, 14500 W COLFAX AVE, LAKEWOOD, CO",Optician,2,5000,3032780577.0
3846,"BIG 8 PHARMACY INC, 4318 MAINE AVE, BALDWIN PARK, CA",Pharmacy,4,2000,6268518108.0
3847,"PRECISION PROSTHETICS AND ORTHOTICS, INC., 1501 E MISSOURI AVE, EL PASO, TX",Orthotic Personnel|Prosthetic Personnel,5,4000,9155442961.0
3848,"CVS PHARMACY INC, 4451 W FUQUA ST, HOUSTON, TX",Pharmacy,1,3000,7134336447.0
3849,"WAL-MART STORES EAST LP, 11333 HIGHWAY 49, GULFPORT, MS",Pharmacy,2,2000,2282846113.0
3850,"DME SERVICES, LLC, 3600 5TH AVE S, BIRMINGHAM, AL",Medical Supply Company Other,1,5000,2055914792.0
3851,"MONROE HOMETOWN PHARMACY WEST LLC, 418 W 10 1/2 ST, MONROE, WI",Pharmacy,3,4000,6084266540.0
3852,"HOLIDAY CVS LLC, 6295 W WATERS AVE, TAMPA, FL",Pharmacy,3,3000,8138851792.0
3853,"KROGER LIMITED PARTNERSHIP I, 215 AIRPORT RD, HOT SPRINGS, AR",Pharmacy|Grocery Store,2,5000,5016232650.0
3854,"WARM SPRINGS ROAD CVS LLC, 5545 CAMINO AL NORTE, N LAS VEGAS, NV",Pharmacy,5,4000,7026492625.0
3855,"GRAND BUY PHARMACY INC, 4721 8TH AVE, BROOKLYN, NY",Pharmacy,2,5000,7188532845.0
3856,"SOUTHWESTERN EYE CENTER LTD, 3223 N WINDSONG DR, PRESCOTT VALLEY, AZ",Optometrist,4,2000,9287756121.0
3857,"NEW JERSEY CVS PHARMACY LLC, 7500 MAPLE AVE, PENNSAUKEN, NJ",Pharmacy,3,2000,8563171823.0
3858,"KANSAS CVS PHARMACY LLC, 8101 W 151ST ST, OVERLAND PARK, KS",Pharmacy,4,2000,9139050420.0
3859,"WALGREEN EASTERN CO INC, 531 PROSPECT AVE, LITTLE SILVER, NJ",Pharmacy,4,4000,7322197021.0
3860,"WAL-MART STORES EAST LP, 3301 N PONTIAC TRL, COMMERCE TOWNSHIP, MI",Pharmacy|Optician,2,2000,2486680282.0
3861,"MOMS EXPRESS RX CORPORATION, 235 UTICA AVE, BROOKLYN, NY",Pharmacy,1,3000,3472953303.0
3862,"WALGREEN CO, 2209 HIGHWAY 11 N, PICAYUNE, MS",Pharmacy,1,4000,6017992087.0
3863,"CVS PHARMACY INC, 425 LOWELL AVE, HAVERHILL, MA",Pharmacy,4,2000,9783731234.0
3864,"LINCARE INC, 4824 STRATOS WAY, MODESTO, CA",Medical Supply Company Other,4,3000,2095224985.0
3865,"WALGREEN CO, 750 E 120TH AVE, NORTHGLENN, CO",Pharmacy,1,5000,3032809252.0
3866,"CVS PHARMACY INC, 5401 WASHINGTON AVE, HOUSTON, TX",Pharmacy,2,2000,7138613883.0
3867,"LONGS DRUG STORES CALIFORNIA LLC, 2700 YULUPA AVE, SANTA ROSA, CA",Pharmacy,3,5000,7075457500.0
3868,"THERAPEUTIC SOLUTIONS, INC., 907 BAY STAR BLVD, WEBSTER, TX",Medical Supply Company Other,2,3000,2819225453.0
3869,"AMERICAN PROSTHETICS & ORTHOTICS, INC., 1250 NW 142ND ST, CLIVE, IA",Orthotic Personnel|Prosthetic Personnel,4,2000,5152238900.0
3870,"LIEBERMAN & LIEBERMAN OPTOMETRY PLLC, 327 S 5TH ST, SAINT PAULS, NC",Optometrist|Optician,2,3000,9108659800.0
3871,"CHLOE HOUSE COMPANY, 8841 E VALLEY BLVD, ROSEMEAD, CA",Pharmacy,4,5000,6264783999.0
3872,"WALGREEN CO, 1900 NE 162ND AVE BLDG C, VANCOUVER, WA",Pharmacy,1,2000,3608911809.0
3873,"WALGREEN CO, 1300 E HALLANDALE BEACH BLVD, HALLANDALE BEACH, FL",Pharmacy,4,4000,9544541897.0
3874,"UNITED SUPERMARKETS LLC, 201 N 23RD ST, CANYON, TX",Pharmacy|Grocery Store,3,2000,8066555757.0
3875,"AMERICAN HEALTH CARE SERVICES, INC, 3580 PROGRESS DR, BENSALEM, PA",Medical Supply Company Other,4,3000,8003316061.0
3876,"WALGREEN CO, 1955 SULLIVAN TRL, EASTON, PA",Pharmacy,1,2000,6102587439.0
3877,"VISIONWORKS INC, 656 BEL AIR RD, BEL AIR, MD",Optician,1,3000,4108381188.0
3878,"DORAL PHARMACEUTICALS LLC, 799 CASTLE SHANNON BLVD, PITTSBURGH, PA",Pharmacy,1,4000,4125612417.0
3879,"AURO PHARMACIES INC, 1955 SUNNYCREST DR, FULLERTON, CA",Pharmacy,3,4000,7145151530.0
3880,"EYE WORKS, PLLC, 1506 HARRISON AVE, ELKINS, WV",Optometrist,1,4000,3046362020.0
3881,"WAL-MART STORES EAST LP, 9020 ULMERTON RD, LARGO, FL",Pharmacy,4,2000,7274315023.0
3882,"WALGREEN CO, 1505 E INNES ST, SALISBURY, NC",Pharmacy,5,4000,7046376864.0
3883,"EZ LIFE HEALTHCARE INC, 18149 VENTURA BLVD, TARZANA, CA",Medical Supply Company Other,1,2000,8183452668.0
3884,"PAVILION HEALTH COMPANY LLC, 11520 SAINT CHARLES ROCK RD, BRIDGETON, MO",Medical Supply Company Other|MSC With Respiratory Therapist,1,5000,3144755078.0
3885,"NEWYORK-PRESBYTERIAN-QUEENS, 5645 MAIN ST, FLUSHING, NY",Pharmacy,2,2000,7186701728.0
3886,"SIDDHIVINAYAK INC, 90 BERGEN ST, NEWARK, NJ",Certified Other|Pharmacy,1,4000,9739721960.0
3887,"PUBLIX SUPER MARKETS INC, 345 JACARANDA BLVD, VENICE, FL",Pharmacy,4,5000,9414851216.0
3888,"REHABILITATION EQUIPMENT ASSOCIATES INC, 1015 CANDIA RD, MANCHESTER, NH",Medical Supply Company Other,1,4000,6036455200.0
3889,"HANGER PROSTHETICS & ORTHOTICS EAST INC, 11231 W CERMAK RD, WESTCHESTER, IL",MSC With Orthotic-Prosthetic,5,5000,7084479860.0
3890,"WHITE DRUG CO OF JAMESTOWN INC, 323 5TH ST NE, DEVILS LAKE, ND",Pharmacy,1,4000,7016623022.0
3891,"UPSTATE PHARMACY LTD, 1900 NORTH AMERICA DRIVE, WEST SENECA, NY",Pharmacy,1,3000,7166753784.0
3892,"CVS PHARMACY INC, 929 MAIN STREET, WALPOLE, MA",Pharmacy,4,3000,5086601191.0
3893,"CVS ALBANY LLC, 1730 HEMPSTEAD TPKE, ELMONT, NY",Pharmacy,4,3000,5163263579.0
3894,"PHARMEX PHARMACY INC, 142-08 ROCKAWAY BLVD, JAMAICA, NY",Pharmacy,3,5000,9174441985.0
3895,"WARM SPRINGS ROAD CVS LLC, 4490 PARADISE RD, LAS VEGAS, NV",Pharmacy,3,5000,7026967126.0
3896,"H-E-B LP, 200 U.S EXPRESSWAY 83, MCALLEN, TX",Pharmacy,2,4000,9566302911.0
3897,"CVS MANCHESTER NH, L.L.C., 48 E BROADWAY, DERRY, NH",Pharmacy,2,4000,6034342600.0
3898,"SAFEWAY INC, 3450 W BELL RD, PHOENIX, AZ",Pharmacy|Grocery Store,1,5000,6027899643.0
3899,"BINSON'S HOSPITAL SUPPLIES, INC., 18800 EUREKA RD, SOUTHGATE, MI",Medical Supply Company Other|MSC With Respiratory Therapist|MSC With Orthotic Personnel|MSC With Prosthetic Personnel|MSC With Orthotic-Prosthetic|Orthotic Personnel|Prosthetic Personnel,3,4000,7342811800.0
3900,"WALGREEN CO, 585 DEKALB INDUSTRIAL WAY, DECATUR, GA",Pharmacy,2,2000,4042928878.0
3901,"CIRCLE A PHARMACY INC, 7449 WOODLEY AVE, VAN NUYS, CA",Pharmacy,3,3000,8554247655.0
3902,"EMPIRE VISION CENTER INC., 8336 LEWISTON RD, BATAVIA, NY",Optometrist|Optician,2,4000,5853444000.0
3903,"THE KROGER CO, 7059 ORCHARD CENTRE DR, HOLLAND, OH",Pharmacy,1,5000,5672944110.0
3904,"NIDHI HEALTHCARE, INC, 932 S EUCLID ST, ANAHEIM, CA",Pharmacy,5,5000,7149059861.0
3905,"HY-VEE INC, 3020 E 10TH ST, SIOUX FALLS, SD",Pharmacy|Grocery Store,3,4000,6053368998.0
3906,"WALGREEN CO, 2270 UNION LAKE RD, COMMERCE TOWNSHIP, MI",Pharmacy,3,3000,2483630436.0
3907,"PUBLIX ALABAMA, LLC, 2860 LAKESHORE PKWY, BIRMINGHAM, AL",Pharmacy,3,3000,2057614836.0
3908,"NORTH CAROLINA CVS PHARMACY LLC, 803 S MAIN ST, LILLINGTON, NC",Pharmacy,1,5000,9108935745.0
3909,"WALGREEN CO, 1155 W 68TH ST, HIALEAH, FL",Pharmacy,4,5000,3053620978.0
3910,"COOLEY MEDICAL EQUIPMENT INC, 5311 KY ROUTE 321, PRESTONSBURG, KY",Medical Supply Company Other|MSC With Respiratory Therapist,2,4000,6068868657.0
3911,"GARFIELD BEACH CVS LLC, 1800 W EMPIRE AVE, BURBANK, CA",Pharmacy,3,5000,8182380239.0
3912,"GERMAN DOBSON CVS, L.L.C., 14101 N PRASADA PKWY, SURPRISE, AZ",Pharmacy,3,2000,4809433195.0
3913,"CVS PHARMACY INC, 1901 GEORGE DIETER DR, EL PASO, TX",Pharmacy,5,5000,9152554758.0
3914,"NEW JERSEY CVS PHARMACY LLC, 900 BERGEN TOWN CTR, PARAMUS, NJ",Pharmacy,1,2000,2018817661.0
3915,"ALPHA CARDIOPULMONARY DIAGNOSTICS, 1100 N 18TH ST, MONROE, LA",MSC With Respiratory Therapist,2,3000,3185821300.0
3916,"WAL-MART STORES EAST LP, 2300 W ATLANTIC BLVD, POMPANO BEACH, FL",Pharmacy,2,3000,9549716434.0
3917,"WALGREEN CO, 1225 N TURNER ST, HOBBS, NM",Pharmacy,2,4000,5753932767.0
3918,"LIGHTBENDERS PLLC, 107 DOCTORS DR, BRIDGEPORT, WV",Optometrist,4,5000,3048426226.0
3919,"SPENCER DRUG LLC, 1325 RICHMOND RD, IRVINE, KY",Pharmacy,1,5000,6067235446.0
3920,"GREATER MILFORD EYE ASSOCIATES PC, 192 WEST ST, MILFORD, MA",Optometrist,5,4000,5084730395.0
3921,"WALGREEN CO, 3500 GALLATIN PIKE, NASHVILLE, TN",Pharmacy,2,5000,6152282982.0
3922,"GARFIELD BEACH CVS LLC, 1000 COMMERCE AVE, ATWATER, CA",Pharmacy,1,3000,2093574821.0
3923,"ADVANCED HOME MEDICAL INC, 2212 FORT CAMPBELL BLVD, HOPKINSVILLE, KY",MSC With Orthotic-Prosthetic,1,4000,2708862544.0
3924,"GRACE HEALTHCARE INC, 6200 WASHINGTON AVE, OCEAN SPRINGS, MS",Medical Supply Company Other,2,3000,2283963332.0
3925,"ANA MARIA CASTILLO RPH PA, 1303 SE 47TH TERRACE, CAPE CORAL, FL",Pharmacy,3,3000,2395429600.0
3926,"CVS PHARMACY INC, 435 W CENTRAL ST, FRANKLIN, MA",Pharmacy,4,5000,5085200253.0
3927,"CVS ALBANY LLC, 1 COLUMBUS PL, NEW YORK, NY",Pharmacy,2,3000,2122450636.0
3928,"HARRIS TEETER LLC, 1812 SAM RITTENBERG BLVD, CHARLESTON, SC",Pharmacy,1,2000,8437664811.0
3929,"DENTAL SLEEP THERAPY OF MACON LLC, 4885 RIVERSIDE DR, MACON, GA",Orthotic Personnel,4,2000,4783057282.0
3930,"GARFIELD BEACH CVS LLC, 30736 BENTON RD, WINCHESTER, CA",Pharmacy,4,5000,9519261223.0
3931,"U.S. MEDICAL EQUIPMENT, INC., 36967 AMRHEIN RD, LIVONIA, MI",Medical Supply Company Other,5,4000,7344250001.0
3932,"WALGREEN CO, 6250 PASEO DEL NORTE NE, ALBUQUERQUE, NM",Pharmacy,4,3000,5052172392.0
3933,"WOODWARD DETROIT CVS LLC, 26026 W 12 MILE RD, SOUTHFIELD, MI",Pharmacy,4,5000,2483500280.0
3934,"WAL-MART STORES EAST LP, 5511 MURFREESBORO RD, LA VERGNE, TN",Pharmacy|Optician,4,2000,6159840054.0
3935,"WEST VIRGINIA CVS PHARMACY LLC, 300 FAIRMONT AVE, FAIRMONT, WV",Pharmacy,1,5000,3043666182.0
3936,"TOTALCARE COMPREHENSIVE HOME HEALTH SUPPLY, LTD, 11755 W LITTLE YORK RD, HOUSTON, TX",Medical Supply Company Other,1,3000,9035923300.0
3937,"A & P PHARMACY INC, 207 E BYRON NELSON BLVD, ROANOKE, TX",Pharmacy,1,3000,8174919111.0
3938,"WAL-MART STORES TEXAS, LLC, 6756 W VICKERY BLVD, FORT WORTH, TX",Pharmacy,3,3000,8177322195.0
3939,"TWIN PHARMACY INC., 11115 S MAIN ST, LOS ANGELES, CA",Medical Supply Company Other|Pharmacy,2,5000,3237573111.0
3940,"LONGS DRUG STORES CALIFORNIA LLC, 110 E STETSON AVE, HEMET, CA",Pharmacy,5,5000,9517661618.0
3941,"H-E-B LP, 3301 SHERWOOD WAY, SAN ANGELO, TX",Pharmacy,5,2000,3259420454.0
3942,"WAL-MART STORES EAST LP, 700 W ROGERS BLVD, SKIATOOK, OK",Pharmacy,2,5000,9183963194.0
3943,"APOTHECO PHARMACY NEW YORK LLC, 462 2ND AVE, NEW YORK, NY",Pharmacy,2,5000,2128890022.0
3944,"WAL-MART STORES EAST LP, 2107 PYRAMID VILLAGE BLVD, GREENSBORO, NC",Pharmacy|Optician,5,3000,3363752995.0
3945,"HANGER PROSTHETICS & ORTHOTICS INC, 1801 C M FAGAN DR, HAMMOND, LA",Orthotic Personnel|Prosthetic Personnel,1,5000,9855421860.0
3946,"MYEYEDR OPTOMETRY OF COLORADO PC, 2108 35TH AVE, GREELEY, CO",Optometrist,1,2000,9703560100.0
3947,"NORTH CAROLINA CVS PHARMACY LLC, 770 W FIRE TOWER RD, WINTERVILLE, NC",Pharmacy,1,3000,2523210574.0
3948,"WALMART INC, 5501 S OLIVE ST, PINE BLUFF, AR",Pharmacy|Optician,1,2000,8708791420.0
3949,"MARTIN'S FOODS OF SOUTH BURLINGTON, LLC, 217 DORSET ST, SOUTH BURLINGTON, VT",Pharmacy|Grocery Store,2,4000,8028631378.0
3950,"LITITZ EYE CARE PC, 65 E MAIN ST, LITITZ, PA",Optometrist|Optician,3,3000,7176268100.0
3951,"M & F PHARMACY INC, 712 NOSTRAND AVE, BROOKLYN, NY",Pharmacy,2,2000,7184671000.0
3952,"WALMART INC, 3010 E 23RD ST, FREMONT, NE",Pharmacy|Optician,4,5000,4027278772.0
3953,"KOAM PHARMACY INC, 18102 SOUTH PIONEER BL, ARTESIA, CA",Pharmacy,4,4000,5624023636.0
3954,"NORTHEAST MEDICAL EQUIPMENT INC, 106 SEBETHE DR, CROMWELL, CT",Medical Supply Company Other,5,4000,8606881118.0
3955,"ECKERD CORPORATION, 4854 COMMERCIAL DR, NEW HARTFORD, NY",Pharmacy,3,4000,3157368248.0
3956,"MARYLAND CVS PHARMACY LLC., 5910 GREENBELT RD, GREENBELT, MD",Pharmacy,5,5000,3014418810.0
3957,"WHITNEY SLEEP DIAGNOSTICS & CONSULTANTS, LLC, 714 WASHINGTON AVE, DETROIT LAKES, MN",Medical Supply Company Other,1,5000,2188446150.0
3958,"AMERICAN DRUG STORES LLC, 7122 40TH ST, STICKNEY, IL",Pharmacy|Grocery Store,3,3000,7084848410.0
3959,"PUBLIX SUPER MARKETS INC, 5435 WOODRUFF FARM RD, COLUMBUS, GA",Pharmacy,4,5000,7065688826.0
3960,"WILLIAM BEAUMONT HOSPITAL, 3601 W 13 MILE RD, ROYAL OAK, MI",Hospital|Pharmacy,1,5000,2488984098.0
3961,"WALGREEN CO, 1665 MINERAL SPRING AVE, NORTH PROVIDENCE, RI",Pharmacy,5,5000,4013533113.0
3962,"DUANE READE, 37 BROADWAY, NEW YORK, NY",Pharmacy,5,4000,2124258460.0
3963,"VIRGINIA CVS PHARMACY LLC, 1800 FREDERICK BLVD, PORTSMOUTH, VA",Pharmacy,3,2000,7573931120.0
3964,"WALGREEN CO, 5027 YOUNGSTOWN WARREN RD, NILES, OH",Pharmacy,3,3000,3305543462.0
3965,"WALGREEN CO, 298 HUGHES RD, MADISON, AL",Pharmacy,2,4000,2564643962.0
3966,"VISION CLINIC PC, 3440 S NATIONAL AVE, SPRINGFIELD, MO",Optometrist|Optician,1,2000,4177250500.0
3967,"MERCY PHARMACY SERVICES, LLC, 2516 LEMAY FERRY RD, LEMAY, MO",Pharmacy,4,2000,3148947755.0
3968,"TOLLEY VALERIE, 818 2ND AVE N, COLUMBUS, MS",Medical Supply Company Other,1,5000,6623295001.0
3969,"WALTER F PETERSON OD PC, 2020 KEITH ST NW, CLEVELAND, TN",Optometrist|Optician,5,3000,4234726517.0
3970,"FAMILY VISION & CONTACT LENS CTRS, SC, 920 GREENWALD CT 300, MUKWONAGO, WI",Optometrist,3,3000,2623631717.0
3971,"ECHAIR LLC, 9523 N INTERSTATE 35, SAN ANTONIO, TX",Medical Supply Company Other,5,2000,8334324247.0
3972,"WALGREEN CO, 275 W WISCONSIN AVE, MILWAUKEE, WI",Pharmacy,2,4000,4142735426.0
3973,"M ROGERS INC & SUBSIDIARY, 125 E SOUTH AVE, MARYVILLE, MO",Certified Other|Pharmacy,2,2000,6605622300.0
3974,"BRACE IT O&P, 3170 W SAHARA AVE, LAS VEGAS, NV",Orthotic Personnel|Prosthetic Personnel,4,4000,7024785848.0
3975,"INNOVATIVE WOUND SOLUTIONS LLC, 1294 CONANT ST, MAUMEE, OH",Medical Supply Company Other,1,3000,8008937987.0
3976,"MYEYEDR OPTOMETRY OF WEST VIRGINIA PLLC, 2014 DUDLEY AVE, PARKERSBURG, WV",Optometrist,4,4000,3044221841.0
3977,"THE PRESBYTERIAN HOSPITAL, 8401 UNIVERSITY EXEC PARK DR, CHARLOTTE, NC",Pharmacy,2,5000,7043165900.0
3978,"SAMS EAST INC, 2537 S SAUNDERS ST, RALEIGH, NC",Pharmacy,1,5000,9198334770.0
3979,"WALGREEN CO, 6301 W PARK BLVD, PLANO, TX",Pharmacy,1,3000,9727811795.0
3980,"PUBLIX SUPER MARKETS INC, 378 VETERAN'S PARKWAY, MOULTIRE, GA",Pharmacy,3,3000,2292174816.0
3981,"PHARMCARE USA OF HOUSTON LLC, 420 CHESTNUT BUSINESS PARK DR, TOMBALL, TX",Pharmacy,5,5000,8887385283.0
3982,"SMITHS FOOD & DRUG CENTERS INC, 6611 W BELL RD, GLENDALE, AZ",Pharmacy|Grocery Store,3,2000,6233342973.0
3983,"HUB OPTICAL DISTRIBUTING CO INC, 3713 FRANKLIN AVE, WACO, TX",Optometrist|Optician,1,3000,2547521081.0
3984,"WAL-MART STORES EAST LP, 8011 MERRILL RD, JACKSONVILLE, FL",Pharmacy,3,5000,9043808950.0
3985,"SAMS WEST INC, 1225 CONCORD AVENUE, CONCORD, CA",Pharmacy,5,3000,9253492472.0
3986,"HUB'S HOME OXYGEN & MEDICAL SUPPLIES INC, 270 SUSQUEHANNA MALL DR, SELINSGROVE, PA",MSC With Respiratory Therapist,3,4000,5708847454.0
3987,"CITRINE MEDICAL EQUIPMENT INC, 14103 VICTORY BLVD, VAN NUYS, CA",Medical Supply Company Other,2,4000,8185100810.0
3988,"WALGREEN CO, CARR, 1 INT. PR 32, CAGUAS, PR",Pharmacy,3,5000,7877442905.0
3989,"GEORGIA CVS PHARMACY, L.L.C., 2201 COBB PKWY SE, SMYRNA, GA",Pharmacy,1,3000,7703732349.0
3990,"WAL-MART STORES EAST LP, 7494 US HIGHWAY 11, POTSDAM, NY",Pharmacy|Optician,2,3000,3152686917.0
3991,"AIDS HEALTHCARE FOUNDATION, 655 MORRIS AVE, BRONX, NY",Pharmacy,1,3000,3477369047.0
3992,"HIGHLAND PARK CVS LLC, 3400 LINCOLN HWY, OLYMPIA FIELDS, IL",Pharmacy,5,4000,7087486472.0
3993,"AMERICAN DRUG STORES LLC, 5532 N CLARK ST, CHICAGO, IL",Pharmacy|Grocery Store,4,5000,7737847348.0
3994,"INFUSION LLC, 1909 E CENTRAL AVE, WICHITA, KS",Pharmacy,5,5000,3166861610.0
3995,"WALGREEN CO, 3803 AUBURN ST, ROCKFORD, IL",Pharmacy,4,2000,8159633705.0
3996,"CVS PHARMACY INC, 106 BOSTON RD, GROTON, MA",Pharmacy,3,2000,9784485249.0
3997,"DRISCOLL CHILDRENS HOSPITAL, 3533 S ALAMEDA ST, CORPUS CHRISTI, TX",Pharmacy,3,5000,3616944200.0
3998,"SOUTH HAVEN EYECARE ASSOCIATES, 1088 S BAILEY AVE, SOUTH HAVEN, MI",Optometrist|Optician,3,3000,2696371442.0
3999,"OUR LADY OF LOURDES MEMORIAL HOSPITAL INC, 477 STATE ST, BINGHAMTON, NY",Pharmacy,3,4000,6075849376.0
4000,"ACTIVE MOBILITY, LLC, 14 THOMAS POINT RD, BRUNSWICK, ME",Orthotic Personnel|Prosthetic Personnel,2,2000,2076074279.0
